Workbook

Sheet Olah Semivariogram
I1: Menghitung jarak antar titik lokasi gempa | AH1: Menentukan semivarian
A2: Data Kekuatan Gempa Bumi Jawa Barat Tahun 2021 | N2: 3.2 | O2: 2.7 | P2: 3.2 | Q2: 3.2 | R2: 2.2 | S2: 3.6 | T2: 3.1 | U2: 3.5 | V2: 4.5 | W2: 2.8 | Z2: zi | AA2: zj | AB2: jarak(h) | AC2: (zi-zj)^2 | AD2: semivarians | AE2: rata-rata | AH2: Offset | AI2: banyak lokasi | AJ2: sigma(zi-zj)^2 | AK2: bin center | AL2: bin range | AN2: semivarians | AP2: spherical | AQ2: exponential | AR2: gaussian | AS2: SE sphr | AT2: SE exp | AU2: SE gau
A3: Lokasi | B3: Tanggal | C3: Jam | D3: Lintang (x) | E3: Bujur (y) | F3: Kedalaman (km) | G3: Magnitudo (R) | I3: Banyak lokasi (n) | J3: =COUNTA(B5:B143) -> 139 | M3: Lokasi | N3: 1 | O3: 2 | P3: 3 | Q3: 4 | R3: 5 | S3: 6 | T3: 7 | U3: 8 | V3: 9 | W3: 10 | Y3: offset 1 | Z3: 3.2 | AA3: 3.2 | AB3: 0 | AC3: =(Z3-AA3)^2 -> 0 | AD3: =AC3/20 -> 0 | AE3: =AVERAGE(AD3:AD19) -> 0.20470588 | AF3: 0.1 | AH3: 1 | AI3: =COUNT(Z3:Z12) -> 10 | AJ3: =SUM(AC3:AC12) -> 0 | AK3: 0 | AL3: 0 | AM3: 0 | AN3: 0 | AP3: 0 | AQ3: 0 | AR3: 0 | AS3: 0 | AT3: 0 | AU3: 0
I4: banyak pasangan data | J4: =(J3*(J3-1))/2 -> 9591 | L4: 3.2 | M4: 1 | N4: =SQRT(('Olah Semivariogram'!$D$5-'Olah Semivariogram'!D5)^2+('Olah Semivariogram'!$E$5-'Olah Semivariogram'!E5)^2) -> 0 | O4: =SQRT(('Olah Semivariogram'!$D$6-'Olah Semivariogram'!D5)^2+('Olah Semivariogram'!$E$6-'Olah Semivariogram'!E5)^2) -> 0.45276926 | P4: =SQRT(('Olah Semivariogram'!$D$7-'Olah Semivariogram'!D5)^2+('Olah Semivariogram'!$E$7-'Olah Semivariogram'!E5)^2) -> 0.72801099 | Q4: =SQRT(('Olah Semivariogram'!$D$8-'Olah Semivariogram'!D5)^2+('Olah Semivariogram'!$E$8-'Olah Semivariogram'!E5)^2) -> 0.65513357 | R4: =SQRT(('Olah Semivariogram'!$D$9-'Olah Semivariogram'!D5)^2+('Olah Semivariogram'!$E$9-'Olah Semivariogram'!E5)^2) -> 0.45276926 | S4: =SQRT(('Olah Semivariogram'!$D$10-'Olah Semivariogram'!D5)^2+('Olah Semivariogram'!$E$10-'Olah Semivariogram'!E5)^2) -> 0.65734314 | T4: =SQRT(('Olah Semivariogram'!$D$11-'Olah Semivariogram'!D5)^2+('Olah Semivariogram'!$E$11-'Olah Semivariogram'!E5)^2) -> 0.13601471 | U4: =SQRT(('Olah Semivariogram'!$D$12-'Olah Semivariogram'!D5)^2+('Olah Semivariogram'!$E$12-'Olah Semivariogram'!E5)^2) -> 0.33837849 | V4: =SQRT(('Olah Semivariogram'!$D$13-'Olah Semivariogram'!D5)^2+('Olah Semivariogram'!$E$13-'Olah Semivariogram'!E5)^2) -> 0.09963935 | W4: =SQRT(('Olah Semivariogram'!$D$14-'Olah Semivariogram'!D5)^2+('Olah Semivariogram'!$E$14-'Olah Semivariogram'!E5)^2) -> 0.08 | Z4: 2.7 | AA4: 2.7 | AB4: 0 | AC4: =(Z4-AA4)^2 -> 0 | AD4: =AC4/20 -> 0 | AH4: 2 | AI4: =COUNT(Z13:Z18) -> 6 | AJ4: =SUM(AC13:AC18) -> 6.87 | AK4: =MEDIAN(AL4,AM4) -> 0.11996399 | AL4: 0.059981993 | AM4: 0.17994598 | AN4: =AJ4/(2*AI4) -> 0.5725 | AP4: =$AN$14*(1.5*(AK4/$AN$15)-0.5*(AK4/$AN$15)^3) -> 0.17473724 | AQ4: =$AN$14*(1-EXP(-(AK4/$AN$15))) -> 0.10416208 | AR4: =$AN$14*(1-EXP(-((AK4)^2/($AN$15)^2))) -> 0.032855021 | AS4: =(AP4-AN4)^2 -> 0.15821521 | AT4: =(AQ4-AN4)^2 -> 0.21934041 | AU4: =(AR4-AN4)^2 -> 0.2912167
A5: 1 | B5: 44201 | C5: 0.98804398 | D5: -7.47 | E5: 106.71 | F5: 36 | G5: 3.2 | L5: 2.7 | M5: 2 | N5: =SQRT(('Olah Semivariogram'!$D$5-'Olah Semivariogram'!D6)^2+('Olah Semivariogram'!$E$5-'Olah Semivariogram'!E6)^2) -> 0.45276926 | O5: =SQRT(('Olah Semivariogram'!$D$6-'Olah Semivariogram'!D6)^2+('Olah Semivariogram'!$E$6-'Olah Semivariogram'!E6)^2) -> 0 | P5: =SQRT(('Olah Semivariogram'!$D$7-'Olah Semivariogram'!D6)^2+('Olah Semivariogram'!$E$7-'Olah Semivariogram'!E6)^2) -> 0.35355339 | Q5: =SQRT(('Olah Semivariogram'!$D$8-'Olah Semivariogram'!D6)^2+('Olah Semivariogram'!$E$8-'Olah Semivariogram'!E6)^2) -> 0.71512237 | R5: =SQRT(('Olah Semivariogram'!$D$9-'Olah Semivariogram'!D6)^2+('Olah Semivariogram'!$E$9-'Olah Semivariogram'!E6)^2) -> 0.28635642 | S5: =SQRT(('Olah Semivariogram'!$D$10-'Olah Semivariogram'!D6)^2+('Olah Semivariogram'!$E$10-'Olah Semivariogram'!E6)^2) -> 0.73054774 | T5: =SQRT(('Olah Semivariogram'!$D$11-'Olah Semivariogram'!D6)^2+('Olah Semivariogram'!$E$11-'Olah Semivariogram'!E6)^2) -> 0.44777226 | U5: =SQRT(('Olah Semivariogram'!$D$12-'Olah Semivariogram'!D6)^2+('Olah Semivariogram'!$E$12-'Olah Semivariogram'!E6)^2) -> 0.78873316 | V5: =SQRT(('Olah Semivariogram'!$D$13-'Olah Semivariogram'!D6)^2+('Olah Semivariogram'!$E$13-'Olah Semivariogram'!E6)^2) -> 0.40175614 | W5: =SQRT(('Olah Semivariogram'!$D$14-'Olah Semivariogram'!D6)^2+('Olah Semivariogram'!$E$14-'Olah Semivariogram'!E6)^2) -> 0.40224371 | Z5: 3.2 | AA5: 3.2 | AB5: 0 | AC5: =(Z5-AA5)^2 -> 0 | AD5: =AC5/20 -> 0 | AH5: 3 | AI5: =COUNTA(Z19:Z20) -> 2 | AJ5: =SUM(AC19:AC20) -> 0.34 | AK5: =MEDIAN(AL5,AM5) -> 0.23992797 | AL5: 0.17994598 | AM5: 0.29990997 | AN5: =AJ5/(2*AI5) -> 0.085 | AP5: =$AN$14*(1.5*(AK5/$AN$15)-0.5*(AK5/$AN$15)^3) -> 0.32014796 | AQ5: =$AN$14*(1-EXP(-(AK5/$AN$15))) -> 0.18243752 | AR5: =$AN$14*(1-EXP(-((AK5)^2/($AN$15)^2))) -> 0.11675888 | AS5: =(AP5-AN5)^2 -> 0.055294563 | AT5: =(AQ5-AN5)^2 -> 0.0094940697 | AU5: =(AR5-AN5)^2 -> 0.0010086266
A6: 2 | B6: 44203 | C6: 0.30513889 | D6: -7.14 | E6: 107.02 | F6: 81 | G6: 2.7 | L6: 3.2 | M6: 3 | N6: =SQRT(('Olah Semivariogram'!$D$5-'Olah Semivariogram'!D7)^2+('Olah Semivariogram'!$E$5-'Olah Semivariogram'!E7)^2) -> 0.72801099 | O6: =SQRT(('Olah Semivariogram'!$D$6-'Olah Semivariogram'!D7)^2+('Olah Semivariogram'!$E$6-'Olah Semivariogram'!E7)^2) -> 0.35355339 | P6: =SQRT(('Olah Semivariogram'!$D$7-'Olah Semivariogram'!D7)^2+('Olah Semivariogram'!$E$7-'Olah Semivariogram'!E7)^2) -> 0 | Q6: =SQRT(('Olah Semivariogram'!$D$8-'Olah Semivariogram'!D7)^2+('Olah Semivariogram'!$E$8-'Olah Semivariogram'!E7)^2) -> 1.0632027 | R6: =SQRT(('Olah Semivariogram'!$D$9-'Olah Semivariogram'!D7)^2+('Olah Semivariogram'!$E$9-'Olah Semivariogram'!E7)^2) -> 0.31144823 | S6: =SQRT(('Olah Semivariogram'!$D$10-'Olah Semivariogram'!D7)^2+('Olah Semivariogram'!$E$10-'Olah Semivariogram'!E7)^2) -> 1.0796759 | T6: =SQRT(('Olah Semivariogram'!$D$11-'Olah Semivariogram'!D7)^2+('Olah Semivariogram'!$E$11-'Olah Semivariogram'!E7)^2) -> 0.66370174 | U6: =SQRT(('Olah Semivariogram'!$D$12-'Olah Semivariogram'!D7)^2+('Olah Semivariogram'!$E$12-'Olah Semivariogram'!E7)^2) -> 1.0602358 | V6: =SQRT(('Olah Semivariogram'!$D$13-'Olah Semivariogram'!D7)^2+('Olah Semivariogram'!$E$13-'Olah Semivariogram'!E7)^2) -> 0.64498682 | W6: =SQRT(('Olah Semivariogram'!$D$14-'Olah Semivariogram'!D7)^2+('Olah Semivariogram'!$E$14-'Olah Semivariogram'!E7)^2) -> 0.70342022 | Z6: 3.2 | AA6: 3.2 | AB6: 0 | AC6: =(Z6-AA6)^2 -> 0 | AD6: =AC6/20 -> 0 | AH6: 4 | AI6: =COUNT(Z21:Z30) -> 10 | AJ6: =SUM(AC21:AC30) -> 12.34 | AK6: =MEDIAN(AL6,AM6) -> 0.35989196 | AL6: 0.29990997 | AM6: 0.41987395 | AN6: =AJ6/(2*AI6) -> 0.617 | AP6: =$AN$14*(1.5*(AK6/$AN$15)-0.5*(AK6/$AN$15)^3) -> 0.40690561 | AQ6: =$AN$14*(1-EXP(-(AK6/$AN$15))) -> 0.24125973 | AR6: =$AN$14*(1-EXP(-((AK6)^2/($AN$15)^2))) -> 0.21809074 | AS6: =(AP6-AN6)^2 -> 0.044139652 | AT6: =(AQ6-AN6)^2 -> 0.14118075 | AU6: =(AR6-AN6)^2 -> 0.1591286
A7: 3 | B7: 44207 | C7: 0.52436343 | D7: -6.79 | E7: 106.97 | F7: 10 | G7: 3.2 | I7: percobaan | L7: 3.2 | M7: 4 | N7: =SQRT(('Olah Semivariogram'!$D$5-'Olah Semivariogram'!D8)^2+('Olah Semivariogram'!$E$5-'Olah Semivariogram'!E8)^2) -> 0.65513357 | O7: =SQRT(('Olah Semivariogram'!$D$6-'Olah Semivariogram'!D8)^2+('Olah Semivariogram'!$E$6-'Olah Semivariogram'!E8)^2) -> 0.71512237 | P7: =SQRT(('Olah Semivariogram'!$D$7-'Olah Semivariogram'!D8)^2+('Olah Semivariogram'!$E$7-'Olah Semivariogram'!E8)^2) -> 1.0632027 | Q7: =SQRT(('Olah Semivariogram'!$D$8-'Olah Semivariogram'!D8)^2+('Olah Semivariogram'!$E$8-'Olah Semivariogram'!E8)^2) -> 0 | R7: =SQRT(('Olah Semivariogram'!$D$9-'Olah Semivariogram'!D8)^2+('Olah Semivariogram'!$E$9-'Olah Semivariogram'!E8)^2) -> 0.94031909 | S7: =SQRT(('Olah Semivariogram'!$D$10-'Olah Semivariogram'!D8)^2+('Olah Semivariogram'!$E$10-'Olah Semivariogram'!E8)^2) -> 0.02236068 | T7: =SQRT(('Olah Semivariogram'!$D$11-'Olah Semivariogram'!D8)^2+('Olah Semivariogram'!$E$11-'Olah Semivariogram'!E8)^2) -> 0.7823682 | U7: =SQRT(('Olah Semivariogram'!$D$12-'Olah Semivariogram'!D8)^2+('Olah Semivariogram'!$E$12-'Olah Semivariogram'!E8)^2) -> 0.75239617 | V7: =SQRT(('Olah Semivariogram'!$D$13-'Olah Semivariogram'!D8)^2+('Olah Semivariogram'!$E$13-'Olah Semivariogram'!E8)^2) -> 0.72520894 | W7: =SQRT(('Olah Semivariogram'!$D$14-'Olah Semivariogram'!D8)^2+('Olah Semivariogram'!$E$14-'Olah Semivariogram'!E8)^2) -> 0.58821765 | Z7: 2.2 | AA7: 2.2 | AB7: 0 | AC7: =(Z7-AA7)^2 -> 0 | AD7: =AC7/20 -> 0 | AH7: 5 | AI7: =COUNT(Z31:Z34) -> 4 | AJ7: =SUM(AC31:AC34) -> 1.77 | AK7: =MEDIAN(AL7,AM7) -> 0.47985595 | AL7: 0.41987395 | AM7: 0.53983794 | AN7: =AJ7/(2*AI7) -> 0.22125 | AP7: =$AN$14 -> 0.419125 | AQ7: =$AN$14*(1-EXP(-(AK7/$AN$15))) -> 0.28546329 | AR7: =$AN$14*(1-EXP(-((AK7)^2/($AN$15)^2))) -> 0.30559731 | AS7: =(AP7-AN7)^2 -> 0.039154516 | AT7: =(AQ7-AN7)^2 -> 0.0041233465 | AU7: =(AR7-AN7)^2 -> 0.007114469
A8: 4 | B8: 44215 | C8: 0.6603588 | D8: -7.81 | E8: 107.27 | F8: 30 | G8: 3.2 | I8: Banyak lokasi (n) | J8: 10 | L8: 2.2 | M8: 5 | N8: =SQRT(('Olah Semivariogram'!$D$5-'Olah Semivariogram'!D9)^2+('Olah Semivariogram'!$E$5-'Olah Semivariogram'!E9)^2) -> 0.45276926 | O8: =SQRT(('Olah Semivariogram'!$D$6-'Olah Semivariogram'!D9)^2+('Olah Semivariogram'!$E$6-'Olah Semivariogram'!E9)^2) -> 0.28635642 | P8: =SQRT(('Olah Semivariogram'!$D$7-'Olah Semivariogram'!D9)^2+('Olah Semivariogram'!$E$7-'Olah Semivariogram'!E9)^2) -> 0.31144823 | Q8: =SQRT(('Olah Semivariogram'!$D$8-'Olah Semivariogram'!D9)^2+('Olah Semivariogram'!$E$8-'Olah Semivariogram'!E9)^2) -> 0.94031909 | R8: =SQRT(('Olah Semivariogram'!$D$9-'Olah Semivariogram'!D9)^2+('Olah Semivariogram'!$E$9-'Olah Semivariogram'!E9)^2) -> 0 | S8: =SQRT(('Olah Semivariogram'!$D$10-'Olah Semivariogram'!D9)^2+('Olah Semivariogram'!$E$10-'Olah Semivariogram'!E9)^2) -> 0.95189285 | T8: =SQRT(('Olah Semivariogram'!$D$11-'Olah Semivariogram'!D9)^2+('Olah Semivariogram'!$E$11-'Olah Semivariogram'!E9)^2) -> 0.36400549 | U8: =SQRT(('Olah Semivariogram'!$D$12-'Olah Semivariogram'!D9)^2+('Olah Semivariogram'!$E$12-'Olah Semivariogram'!E9)^2) -> 0.76843998 | V8: =SQRT(('Olah Semivariogram'!$D$13-'Olah Semivariogram'!D9)^2+('Olah Semivariogram'!$E$13-'Olah Semivariogram'!E9)^2) -> 0.35850802 | W8: =SQRT(('Olah Semivariogram'!$D$14-'Olah Semivariogram'!D9)^2+('Olah Semivariogram'!$E$14-'Olah Semivariogram'!E9)^2) -> 0.45099889 | Z8: 3.6 | AA8: 3.6 | AB8: 0 | AC8: =(Z8-AA8)^2 -> 0 | AD8: =AC8/20 -> 0 | AH8: 6 | AI8: =COUNT(Z35:Z39) -> 5 | AJ8: =SUM(AC35:AC39) -> 2.65 | AK8: =MEDIAN(AL8,AM8) -> 0.59981993 | AL8: 0.53983794 | AM8: 0.65980193 | AN8: =AJ8/(2*AI8) -> 0.265 | AP8: =$AN$14 -> 0.419125 | AQ8: =$AN$14*(1-EXP(-(AK8/$AN$15))) -> 0.31868126 | AR8: =$AN$14*(1-EXP(-((AK8)^2/($AN$15)^2))) -> 0.36467119 | AS8: =(AP8-AN8)^2 -> 0.023754516 | AT8: =(AQ8-AN8)^2 -> 0.0028816776 | AU8: =(AR8-AN8)^2 -> 0.0099343455
A9: 5 | B9: 44215 | C9: 0.67125 | D9: -7.02 | E9: 106.76 | F9: 10 | G9: 2.2 | I9: banyak pasangan lokasi | J9: =(J8*(J8-1))/2 -> 45 | L9: 3.6 | M9: 6 | N9: =SQRT(('Olah Semivariogram'!$D$5-'Olah Semivariogram'!D10)^2+('Olah Semivariogram'!$E$5-'Olah Semivariogram'!E10)^2) -> 0.65734314 | O9: =SQRT(('Olah Semivariogram'!$D$6-'Olah Semivariogram'!D10)^2+('Olah Semivariogram'!$E$6-'Olah Semivariogram'!E10)^2) -> 0.73054774 | P9: =SQRT(('Olah Semivariogram'!$D$7-'Olah Semivariogram'!D10)^2+('Olah Semivariogram'!$E$7-'Olah Semivariogram'!E10)^2) -> 1.0796759 | Q9: =SQRT(('Olah Semivariogram'!$D$8-'Olah Semivariogram'!D10)^2+('Olah Semivariogram'!$E$8-'Olah Semivariogram'!E10)^2) -> 0.02236068 | R9: =SQRT(('Olah Semivariogram'!$D$9-'Olah Semivariogram'!D10)^2+('Olah Semivariogram'!$E$9-'Olah Semivariogram'!E10)^2) -> 0.95189285 | S9: =SQRT(('Olah Semivariogram'!$D$10-'Olah Semivariogram'!D10)^2+('Olah Semivariogram'!$E$10-'Olah Semivariogram'!E10)^2) -> 0 | T9: =SQRT(('Olah Semivariogram'!$D$11-'Olah Semivariogram'!D10)^2+('Olah Semivariogram'!$E$11-'Olah Semivariogram'!E10)^2) -> 0.78600254 | U9: =SQRT(('Olah Semivariogram'!$D$12-'Olah Semivariogram'!D10)^2+('Olah Semivariogram'!$E$12-'Olah Semivariogram'!E10)^2) -> 0.74431176 | V9: =SQRT(('Olah Semivariogram'!$D$13-'Olah Semivariogram'!D10)^2+('Olah Semivariogram'!$E$13-'Olah Semivariogram'!E10)^2) -> 0.72964923 | W9: =SQRT(('Olah Semivariogram'!$D$14-'Olah Semivariogram'!D10)^2+('Olah Semivariogram'!$E$14-'Olah Semivariogram'!E10)^2) -> 0.5920304 | Z9: 3.1 | AA9: 3.1 | AB9: 0 | AC9: =(Z9-AA9)^2 -> 0 | AD9: =AC9/20 -> 0 | AH9: 7 | AI9: =COUNT(Z40:Z49) -> 10 | AJ9: =SUM(AC40:AC49) -> 5.52 | AK9: =MEDIAN(AL9,AM9) -> 0.71978392 | AL9: 0.65980193 | AM9: 0.77976591 | AN9: =AJ9/(2*AI9) -> 0.276 | AP9: =$AN$14 -> 0.419125 | AQ9: =$AN$14*(1-EXP(-(AK9/$AN$15))) -> 0.34364381 | AR9: =$AN$14*(1-EXP(-((AK9)^2/($AN$15)^2))) -> 0.3969405 | AS9: =(AP9-AN9)^2 -> 0.020484766 | AT9: =(AQ9-AN9)^2 -> 0.004575685 | AU9: =(AR9-AN9)^2 -> 0.014626605
A10: 6 | B10: 44216 | C10: 0.88252315 | D10: -7.83 | E10: 107.26 | F10: 27 | G10: 3.6 | L10: 3.1 | M10: 7 | N10: =SQRT(('Olah Semivariogram'!$D$5-'Olah Semivariogram'!D11)^2+('Olah Semivariogram'!$E$5-'Olah Semivariogram'!E11)^2) -> 0.13601471 | O10: =SQRT(('Olah Semivariogram'!$D$6-'Olah Semivariogram'!D11)^2+('Olah Semivariogram'!$E$6-'Olah Semivariogram'!E11)^2) -> 0.44777226 | P10: =SQRT(('Olah Semivariogram'!$D$7-'Olah Semivariogram'!D11)^2+('Olah Semivariogram'!$E$7-'Olah Semivariogram'!E11)^2) -> 0.66370174 | Q10: =SQRT(('Olah Semivariogram'!$D$8-'Olah Semivariogram'!D11)^2+('Olah Semivariogram'!$E$8-'Olah Semivariogram'!E11)^2) -> 0.7823682 | R10: =SQRT(('Olah Semivariogram'!$D$9-'Olah Semivariogram'!D11)^2+('Olah Semivariogram'!$E$9-'Olah Semivariogram'!E11)^2) -> 0.36400549 | S10: =SQRT(('Olah Semivariogram'!$D$10-'Olah Semivariogram'!D11)^2+('Olah Semivariogram'!$E$10-'Olah Semivariogram'!E11)^2) -> 0.78600254 | T10: =SQRT(('Olah Semivariogram'!$D$11-'Olah Semivariogram'!D11)^2+('Olah Semivariogram'!$E$11-'Olah Semivariogram'!E11)^2) -> 0 | U10: =SQRT(('Olah Semivariogram'!$D$12-'Olah Semivariogram'!D11)^2+('Olah Semivariogram'!$E$12-'Olah Semivariogram'!E11)^2) -> 0.40521599 | V10: =SQRT(('Olah Semivariogram'!$D$13-'Olah Semivariogram'!D11)^2+('Olah Semivariogram'!$E$13-'Olah Semivariogram'!E11)^2) -> 0.063150614 | W10: =SQRT(('Olah Semivariogram'!$D$14-'Olah Semivariogram'!D11)^2+('Olah Semivariogram'!$E$14-'Olah Semivariogram'!E11)^2) -> 0.19416488 | Z10: 3.5 | AA10: 3.5 | AB10: 0 | AC10: =(Z10-AA10)^2 -> 0 | AD10: =AC10/20 -> 0 | AH10: 8 | AI10: =COUNT(Z50:Z52) -> 3 | AJ10: =SUM(AC50:AC52) -> 0.9 | AK10: =MEDIAN(AL10,AM10) -> 0.8397479 | AL10: 0.77976591 | AM10: 0.8997299 | AN10: =AJ10/(2*AI10) -> 0.15 | AP10: =$AN$14 -> 0.419125 | AQ10: =$AN$14*(1-EXP(-(AK10/$AN$15))) -> 0.3624026 | AR10: =$AN$14*(1-EXP(-((AK10)^2/($AN$15)^2))) -> 0.41144846 | AS10: =(AP10-AN10)^2 -> 0.072428266 | AT10: =(AQ10-AN10)^2 -> 0.045114864 | AU10: =(AR10-AN10)^2 -> 0.068355296
A11: 7 | B11: 44221 | C11: 0.65237269 | D11: -7.36 | E11: 106.63 | F11: 81 | G11: 3.1 | I11: Menghitung Jarak Euclidean | L11: 3.5 | M11: 8 | N11: =SQRT(('Olah Semivariogram'!$D$5-'Olah Semivariogram'!D12)^2+('Olah Semivariogram'!$E$5-'Olah Semivariogram'!E12)^2) -> 0.33837849 | O11: =SQRT(('Olah Semivariogram'!$D$6-'Olah Semivariogram'!D12)^2+('Olah Semivariogram'!$E$6-'Olah Semivariogram'!E12)^2) -> 0.78873316 | P11: =SQRT(('Olah Semivariogram'!$D$7-'Olah Semivariogram'!D12)^2+('Olah Semivariogram'!$E$7-'Olah Semivariogram'!E12)^2) -> 1.0602358 | Q11: =SQRT(('Olah Semivariogram'!$D$8-'Olah Semivariogram'!D12)^2+('Olah Semivariogram'!$E$8-'Olah Semivariogram'!E12)^2) -> 0.75239617 | R11: =SQRT(('Olah Semivariogram'!$D$9-'Olah Semivariogram'!D12)^2+('Olah Semivariogram'!$E$9-'Olah Semivariogram'!E12)^2) -> 0.76843998 | S11: =SQRT(('Olah Semivariogram'!$D$10-'Olah Semivariogram'!D12)^2+('Olah Semivariogram'!$E$10-'Olah Semivariogram'!E12)^2) -> 0.74431176 | T11: =SQRT(('Olah Semivariogram'!$D$11-'Olah Semivariogram'!D12)^2+('Olah Semivariogram'!$E$11-'Olah Semivariogram'!E12)^2) -> 0.40521599 | U11: =SQRT(('Olah Semivariogram'!$D$12-'Olah Semivariogram'!D12)^2+('Olah Semivariogram'!$E$12-'Olah Semivariogram'!E12)^2) -> 0 | V11: =SQRT(('Olah Semivariogram'!$D$13-'Olah Semivariogram'!D12)^2+('Olah Semivariogram'!$E$13-'Olah Semivariogram'!E12)^2) -> 0.41529267 | W11: =SQRT(('Olah Semivariogram'!$D$14-'Olah Semivariogram'!D12)^2+('Olah Semivariogram'!$E$14-'Olah Semivariogram'!E12)^2) -> 0.38897301 | Z11: 4.5 | AA11: 4.5 | AB11: 0 | AC11: =(Z11-AA11)^2 -> 0 | AD11: =AC11/20 -> 0 | AH11: 9 | AI11: =COUNT(Z53:Z54) -> 2 | AJ11: =SUM(AC53:AC54) -> 2.96 | AK11: =MEDIAN(AL11,AM11) -> 0.95971189 | AL11: 0.8997299 | AM11: 1.0196939 | AN11: =AJ11/(2*AI11) -> 0.74 | AP11: =$AN$14 -> 0.419125 | AQ11: =$AN$14*(1-EXP(-(AK11/$AN$15))) -> 0.3764994 | AR11: =$AN$14*(1-EXP(-((AK11)^2/($AN$15)^2))) -> 0.41686881 | AS11: =(AP11-AN11)^2 -> 0.10296077 | AT11: =(AQ11-AN11)^2 -> 0.13213268 | AU11: =(AR11-AN11)^2 -> 0.10441377
A12: 8 | B12: 44247 | C12: 0.38552083 | D12: -7.75 | E12: 106.52 | F12: 20 | G12: 3.5 | L12: 4.5 | M12: 9 | N12: =SQRT(('Olah Semivariogram'!$D$5-'Olah Semivariogram'!D13)^2+('Olah Semivariogram'!$E$5-'Olah Semivariogram'!E13)^2) -> 0.09963935 | O12: =SQRT(('Olah Semivariogram'!$D$6-'Olah Semivariogram'!D13)^2+('Olah Semivariogram'!$E$6-'Olah Semivariogram'!E13)^2) -> 0.40175614 | P12: =SQRT(('Olah Semivariogram'!$D$7-'Olah Semivariogram'!D13)^2+('Olah Semivariogram'!$E$7-'Olah Semivariogram'!E13)^2) -> 0.64498682 | Q12: =SQRT(('Olah Semivariogram'!$D$8-'Olah Semivariogram'!D13)^2+('Olah Semivariogram'!$E$8-'Olah Semivariogram'!E13)^2) -> 0.72520894 | R12: =SQRT(('Olah Semivariogram'!$D$9-'Olah Semivariogram'!D13)^2+('Olah Semivariogram'!$E$9-'Olah Semivariogram'!E13)^2) -> 0.35850802 | S12: =SQRT(('Olah Semivariogram'!$D$10-'Olah Semivariogram'!D13)^2+('Olah Semivariogram'!$E$10-'Olah Semivariogram'!E13)^2) -> 0.72964923 | T12: =SQRT(('Olah Semivariogram'!$D$11-'Olah Semivariogram'!D13)^2+('Olah Semivariogram'!$E$11-'Olah Semivariogram'!E13)^2) -> 0.063150614 | U12: =SQRT(('Olah Semivariogram'!$D$12-'Olah Semivariogram'!D13)^2+('Olah Semivariogram'!$E$12-'Olah Semivariogram'!E13)^2) -> 0.41529267 | V12: =SQRT(('Olah Semivariogram'!$D$13-'Olah Semivariogram'!D13)^2+('Olah Semivariogram'!$E$13-'Olah Semivariogram'!E13)^2) -> 0 | W12: =SQRT(('Olah Semivariogram'!$D$14-'Olah Semivariogram'!D13)^2+('Olah Semivariogram'!$E$14-'Olah Semivariogram'!E13)^2) -> 0.13859293 | Z12: 2.8 | AA12: 2.8 | AB12: 0 | AC12: =(Z12-AA12)^2 -> 0 | AD12: =AC12/20 -> 0 | AH12: 10 | AI12: =COUNT(Z55:Z57) -> 3 | AJ12: =SUM(AC55:AC57) -> 0.25 | AK12: =MEDIAN(AL12,AM12) -> 1.0796759 | AL12: 1.0196939 | AM12: 1.1396579 | AN12: =AJ12/(2*AI12) -> 0.041666667 | AP12: =$AN$14 -> 0.419125 | AQ12: =$AN$14*(1-EXP(-(AK12/$AN$15))) -> 0.38709283 | AR12: =$AN$14*(1-EXP(-((AK12)^2/($AN$15)^2))) -> 0.41856177 | AS12: =(AP12-AN12)^2 -> 0.14247479 | AT12: =(AQ12-AN12)^2 -> 0.11931924 | AU12: =(AR12-AN12)^2 -> 0.14204992
A13: 9 | B13: 44248 | C13: 0.62260417 | D13: -7.372 | E13: 106.692 | F13: 60 | G13: 4.5 | L13: 2.8 | M13: 10 | N13: =SQRT(('Olah Semivariogram'!$D$5-'Olah Semivariogram'!D14)^2+('Olah Semivariogram'!$E$5-'Olah Semivariogram'!E14)^2) -> 0.08 | O13: =SQRT(('Olah Semivariogram'!$D$6-'Olah Semivariogram'!D14)^2+('Olah Semivariogram'!$E$6-'Olah Semivariogram'!E14)^2) -> 0.40224371 | P13: =SQRT(('Olah Semivariogram'!$D$7-'Olah Semivariogram'!D14)^2+('Olah Semivariogram'!$E$7-'Olah Semivariogram'!E14)^2) -> 0.70342022 | Q13: =SQRT(('Olah Semivariogram'!$D$8-'Olah Semivariogram'!D14)^2+('Olah Semivariogram'!$E$8-'Olah Semivariogram'!E14)^2) -> 0.58821765 | R13: =SQRT(('Olah Semivariogram'!$D$9-'Olah Semivariogram'!D14)^2+('Olah Semivariogram'!$E$9-'Olah Semivariogram'!E14)^2) -> 0.45099889 | S13: =SQRT(('Olah Semivariogram'!$D$10-'Olah Semivariogram'!D14)^2+('Olah Semivariogram'!$E$10-'Olah Semivariogram'!E14)^2) -> 0.5920304 | T13: =SQRT(('Olah Semivariogram'!$D$11-'Olah Semivariogram'!D14)^2+('Olah Semivariogram'!$E$11-'Olah Semivariogram'!E14)^2) -> 0.19416488 | U13: =SQRT(('Olah Semivariogram'!$D$12-'Olah Semivariogram'!D14)^2+('Olah Semivariogram'!$E$12-'Olah Semivariogram'!E14)^2) -> 0.38897301 | V13: =SQRT(('Olah Semivariogram'!$D$13-'Olah Semivariogram'!D14)^2+('Olah Semivariogram'!$E$13-'Olah Semivariogram'!E14)^2) -> 0.13859293 | W13: =SQRT(('Olah Semivariogram'!$D$14-'Olah Semivariogram'!D14)^2+('Olah Semivariogram'!$E$14-'Olah Semivariogram'!E14)^2) -> 0 | Y13: offset 2 | Z13: 3.2 | AA13: 3.6 | AB13: 0.02236068 | AC13: =(Z13-AA13)^2 -> 0.16 | AD13: =AC13/2 -> 0.08 | AM13: nugget (C0) | AN13: 0 | AP13: 0 | AQ13: 0 | AR13: 0 | AS13: =AVERAGE(AS3:AS12) -> 0.065890705 | AT13: =AVERAGE(AT3:AT12) -> 0.067816272 | AU13: =AVERAGE(AU3:AU12) -> 0.079784833 | AV13: MSE
A14: 10 | B14: 44248 | C14: 0.9655787 | D14: -7.47 | E14: 106.79 | F14: 37 | G14: 2.8 | Z14: 3.1 | AA14: 4.5 | AB14: 0.063150614 | AC14: =(Z14-AA14)^2 -> 1.96 | AD14: =AC14/2 -> 0.98 | AM14: sill ( C ) | AN14: =AVERAGE(AN6:AN7) -> 0.419125 | AP14: =AP7 -> 0.419125 | AQ14: =AQ10 -> 0.3624026 | AR14: =AR10 -> 0.41144846 | AS14: =SQRT(AS13) -> 0.25669185 | AT14: =SQRT(AT13) -> 0.26041558 | AU14: =SQRT(AU13) -> 0.28246209 | AV14: RMSE
A15: 11 | B15: 44253 | C15: 0.14162037 | D15: -7.34 | E15: 106.58 | F15: 91 | G15: 2.9 | M15: min | N15: 0 | P15: mean | Q15: =AVERAGE(J5:J14) -> 27.5 | Z15: 3.2 | AA15: 2.8 | AB15: 0.08 | AC15: =(Z15-AA15)^2 -> 0.16 | AD15: =AC15/2 -> 0.08 | AH15: Semivarogram Eksperimental | AM15: range (a) | AN15: =MEDIAN(AK6:AK7) -> 0.41987395 | AP15: =AK7 -> 0.47985595 | AQ15: =AK10 -> 0.8397479 | AR15: =AK10 -> 0.8397479 | AS15: =SUM(AS3:AS12) -> 0.65890705 | AT15: =SUM(AT3:AT12) -> 0.67816272 | AU15: =SUM(AU3:AU12) -> 0.79784833 | AV15: SSE
A16: 12 | B16: 44257 | C16: 0.52834491 | D16: -7.82 | E16: 106.81 | F16: 10 | G16: 3.9 | M16: max | N16: =MAX(N4:W13) -> 1.0796759 | Z16: 3.2 | AA16: 4.5 | AB16: 0.09963935 | AC16: =(Z16-AA16)^2 -> 1.69 | AD16: =AC16/2 -> 0.845
A17: 13 | B17: 44265 | C17: 0.171875 | D17: -6.008 | E17: 107.117 | F17: 310 | G17: 4.1 | Z17: 3.2 | AA17: 3.1 | AB17: 0.13601471 | AC17: =(Z17-AA17)^2 -> 0.01 | AD17: =AC17/2 -> 0.005
A18: 14 | B18: 44274 | C18: 0.7412963 | D18: -7.78 | E18: 106.97 | F18: 25 | G18: 3.1 | M18: Binning data | Z18: 4.5 | AA18: 2.8 | AB18: 0.13859293 | AC18: =(Z18-AA18)^2 -> 2.89 | AD18: =AC18/2 -> 1.445
A19: 15 | B19: 44274 | C19: 0.22549769 | D19: -7.73 | E19: 106.92 | F19: 25 | G19: 2.8 | N19: h= (max/offset-1)*(no offset-1) | Y19: offset 3 | Z19: 3.1 | AA19: 2.8 | AB19: 0.19416488 | AC19: =(Z19-AA19)^2 -> 0.09 | AD19: =AC19/2 -> 0.045
A20: 16 | B20: 44275 | C20: 0.75657407 | D20: -7.82 | E20: 107.26 | F20: 23 | G20: 4.1 | N20: h | O20: delta(h) | P20: h-(detla(h)/2) | Q20: h+(detla(h)/2) | Z20: 2.7 | AA20: 2.2 | AB20: 0.28635642 | AC20: =(Z20-AA20)^2 -> 0.25 | AD20: =AC20/2 -> 0.125 | AE20: =AVERAGE(AB20:AB26) -> 0.34303186 | AF20: 0.3
A21: 17 | B21: 44276 | C21: 0.28738426 | D21: -7.73 | E21: 106.95 | F21: 28 | G21: 2.9 | M21: 1 | N21: 0 | O21: 0 | P21: 0 | Q21: 0 | Y21: offset 4 | Z21: 3.2 | AA21: 2.2 | AB21: 0.31144823 | AC21: =(Z21-AA21)^2 -> 1 | AD21: =AC21/2 -> 0.5
A22: 18 | B22: 44280 | C22: 0.68299769 | D22: -7.84 | E22: 107.27 | F22: 28 | G22: 3.4 | M22: 2 | N22: =($N$16/(10-$M$21))*(M22-$M$21) -> 0.11996399 | O22: =N22-N21 -> 0.11996399 | P22: =N22-(O22/2) -> 0.059981993 | Q22: =N22+(O22/2) -> 0.17994598 | Z22: 3.2 | AA22: 3.5 | AB22: 0.33837849 | AC22: =(Z22-AA22)^2 -> 0.09 | AD22: =AC22/2 -> 0.045
A23: 19 | B23: 44281 | C23: 0.64665509 | D23: -7.11 | E23: 107.42 | F23: 10 | G23: 2.7 | M23: 3 | N23: =($N$16/(10-$M$21))*(M23-$M$21) -> 0.23992797 | O23: =N23-N22 -> 0.11996399 | P23: =N23-(O23/2) -> 0.17994598 | Q23: =N23+(O23/2) -> 0.29990997 | Z23: 2.7 | AA23: 3.2 | AB23: 0.35355339 | AC23: =(Z23-AA23)^2 -> 0.25 | AD23: =AC23/2 -> 0.125 | AH23: Semivariogram spherical
A24: 20 | B24: 44281 | C24: 0.13204861 | D24: -7.59 | E24: 106.77 | F24: 35 | G24: 2.8 | M24: 4 | N24: =($N$16/(10-$M$21))*(M24-$M$21) -> 0.35989196 | O24: =N24-N23 -> 0.11996399 | P24: =N24-(O24/2) -> 0.29990997 | Q24: =N24+(O24/2) -> 0.41987395 | Z24: 2.2 | AA24: 4.5 | AB24: 0.35850802 | AC24: =(Z24-AA24)^2 -> 5.29 | AD24: =AC24/2 -> 2.645
A25: 21 | B25: 44284 | C25: 0.69548611 | D25: -7.48 | E25: 106.73 | F25: 34 | G25: 2.9 | M25: 5 | N25: =($N$16/(10-$M$21))*(M25-$M$21) -> 0.47985595 | O25: =N25-N24 -> 0.11996399 | P25: =N25-(O25/2) -> 0.41987395 | Q25: =N25+(O25/2) -> 0.53983794 | Z25: 2.2 | AA25: 3.1 | AB25: 0.36400549 | AC25: =(Z25-AA25)^2 -> 0.81 | AD25: =AC25/2 -> 0.405
A26: 22 | B26: 44285 | C26: 0.54890046 | D26: -7.69 | E26: 106.59 | F26: 28 | G26: 2.8 | M26: 6 | N26: =($N$16/(10-$M$21))*(M26-$M$21) -> 0.59981993 | O26: =N26-N25 -> 0.11996399 | P26: =N26-(O26/2) -> 0.53983794 | Q26: =N26+(O26/2) -> 0.65980193 | Z26: 3.5 | AA26: 2.8 | AB26: 0.38897301 | AC26: =(Z26-AA26)^2 -> 0.49 | AD26: =AC26/2 -> 0.245
A27: 23 | B27: 44285 | C27: 0.50138889 | D27: -7 | E27: 106.56 | F27: 128 | G27: 3.4 | M27: 7 | N27: =($N$16/(10-$M$21))*(M27-$M$21) -> 0.71978392 | O27: =N27-N26 -> 0.11996399 | P27: =N27-(O27/2) -> 0.65980193 | Q27: =N27+(O27/2) -> 0.77976591 | Z27: 2.7 | AA27: 4.5 | AB27: 0.40175614 | AC27: =(Z27-AA27)^2 -> 3.24 | AD27: =AC27/2 -> 1.62 | AE27: =AVERAGE(AB27:AB36) -> 0.46090662 | AF27: 0.5
A28: 24 | B28: 44320 | C28: 0.58545139 | D28: -6.992 | E28: 106.721 | F28: 72.2 | G28: 4.5 | M28: 8 | N28: =($N$16/(10-$M$21))*(M28-$M$21) -> 0.8397479 | O28: =N28-N27 -> 0.11996399 | P28: =N28-(O28/2) -> 0.77976591 | Q28: =N28+(O28/2) -> 0.8997299 | Z28: 2.7 | AA28: 2.8 | AB28: 0.40224371 | AC28: =(Z28-AA28)^2 -> 0.01 | AD28: =AC28/2 -> 0.005
A29: 25 | B29: 44301 | C29: 0.90038194 | D29: -7.52 | E29: 106.41 | F29: 67 | G29: 4.3 | M29: 9 | N29: =($N$16/(10-$M$21))*(M29-$M$21) -> 0.95971189 | O29: =N29-N28 -> 0.11996399 | P29: =N29-(O29/2) -> 0.8997299 | Q29: =N29+(O29/2) -> 1.0196939 | Z29: 3.1 | AA29: 3.5 | AB29: 0.40521599 | AC29: =(Z29-AA29)^2 -> 0.16 | AD29: =AC29/2 -> 0.08
A30: 26 | B30: 44301 | C30: 0.52009259 | D30: -7.35 | E30: 107.32 | F30: 129 | G30: 2.6 | M30: 10 | N30: =($N$16/(10-$M$21))*(M30-$M$21) -> 1.0796759 | O30: =N30-N29 -> 0.11996399 | P30: =N30-(O30/2) -> 1.0196939 | Q30: =N30+(O30/2) -> 1.1396579 | Z30: 3.5 | AA30: 4.5 | AB30: 0.41529267 | AC30: =(Z30-AA30)^2 -> 1 | AD30: =AC30/2 -> 0.5
A31: 27 | B31: 44306 | C31: 0.15539352 | D31: -7.1 | E31: 107.28 | F31: 185 | G31: 2.3 | Y31: offset 5 | Z31: 2.7 | AA31: 3.1 | AB31: 0.44777226 | AC31: =(Z31-AA31)^2 -> 0.16 | AD31: =AC31/2 -> 0.08 | AH31: Semivariogram exponential
A32: 28 | B32: 44307 | C32: 0.83523148 | D32: -7.63 | E32: 106.68 | F32: 25 | G32: 3.9 | Z32: 2.2 | AA32: 2.8 | AB32: 0.45099889 | AC32: =(Z32-AA32)^2 -> 0.36 | AD32: =AC32/2 -> 0.18
A33: 29 | B33: 44308 | C33: 0.10053241 | D33: -7.09 | E33: 106.78 | F33: 129 | G33: 3.2 | Z33: 3.2 | AA33: 2.7 | AB33: 0.45276926 | AC33: =(Z33-AA33)^2 -> 0.25 | AD33: =AC33/2 -> 0.125
A34: 30 | B34: 44310 | C34: 0.76396991 | D34: -7.31 | E34: 108.62 | F34: 10 | G34: 2.2 | Z34: 3.2 | AA34: 2.2 | AB34: 0.45276926 | AC34: =(Z34-AA34)^2 -> 1 | AD34: =AC34/2 -> 0.5
A35: 31 | B35: 44310 | C35: 0.93601852 | D35: -7.27 | E35: 107.72 | F35: 10 | G35: 2.9 | Y35: offset 6 | Z35: 3.2 | AA35: 2.8 | AB35: 0.58821765 | AC35: =(Z35-AA35)^2 -> 0.16 | AD35: =AC35/2 -> 0.08
A36: 32 | B36: 44313 | C36: 0.61944444 | D36: -6.8 | E36: 107.13 | F36: 10 | G36: 3.2 | Z36: 3.6 | AA36: 2.8 | AB36: 0.5920304 | AC36: =(Z36-AA36)^2 -> 0.64 | AD36: =AC36/2 -> 0.32
A37: 33 | B37: 44313 | C37: 0.24145833 | D37: -6.95 | E37: 106.99 | F37: 10 | G37: 3 | Z37: 3.2 | AA37: 4.5 | AB37: 0.64498682 | AC37: =(Z37-AA37)^2 -> 1.69 | AD37: =AC37/2 -> 0.845 | AE37: =AVERAGE(AB37:AB52) -> 0.72346104 | AF37: 0.7 | AH37: Semivariogram gaussian
A38: 34 | B38: 44315 | C38: 0.73792824 | D38: -7.69 | E38: 106.95 | F38: 26 | G38: 2.4 | Z38: 3.2 | AA38: 3.2 | AB38: 0.65513357 | AC38: =(Z38-AA38)^2 -> 0 | AD38: =AC38/2 -> 0
A39: 35 | B39: 44315 | C39: 0.012696759 | D39: -7 | E39: 107.68 | F39: 142 | G39: 3 | Z39: 3.2 | AA39: 3.6 | AB39: 0.65734314 | AC39: =(Z39-AA39)^2 -> 0.16 | AD39: =AC39/2 -> 0.08
A40: 36 | B40: 44315 | C40: 0.37664352 | D40: -6.9 | E40: 106.39 | F40: 15 | G40: 2.9 | Y40: offset 7 | Z40: 3.2 | AA40: 3.1 | AB40: 0.66370174 | AC40: =(Z40-AA40)^2 -> 0.01 | AD40: =AC40/2 -> 0.005
A41: 37 | B41: 44316 | C41: 0.58074074 | D41: -7.82 | E41: 107.02 | F41: 21 | G41: 3.3 | Z41: 3.2 | AA41: 2.8 | AB41: 0.70342022 | AC41: =(Z41-AA41)^2 -> 0.16 | AD41: =AC41/2 -> 0.08
A42: 38 | B42: 44316 | C42: 0.72763889 | D42: -7.56 | E42: 106.44 | F42: 33 | G42: 3.3 | Z42: 2.7 | AA42: 3.2 | AB42: 0.71512237 | AC42: =(Z42-AA42)^2 -> 0.25 | AD42: =AC42/2 -> 0.125
A43: 39 | B43: 44316 | C43: 0.1565162 | D43: -7.14 | E43: 108.85 | F43: 10 | G43: 3.2 | Z43: 3.2 | AA43: 4.5 | AB43: 0.72520894 | AC43: =(Z43-AA43)^2 -> 1.69 | AD43: =AC43/2 -> 0.845
A44: 40 | B44: 44317 | C44: 0.33814815 | D44: -7.82 | E44: 107.04 | F44: 12 | G44: 2.9 | Z44: 3.2 | AA44: 3.2 | AB44: 0.72801099 | AC44: =(Z44-AA44)^2 -> 0 | AD44: =AC44/2 -> 0
A45: 41 | B45: 44319 | C45: 0.77722222 | D45: -7.33 | E45: 107.56 | F45: 10 | G45: 1.9 | Z45: 3.6 | AA45: 4.5 | AB45: 0.72964923 | AC45: =(Z45-AA45)^2 -> 0.81 | AD45: =AC45/2 -> 0.405
A46: 42 | B46: 44321 | C46: 0.42673611 | D46: -7.65 | E46: 107.57 | F46: 19 | G46: 3 | Z46: 2.7 | AA46: 3.6 | AB46: 0.73054774 | AC46: =(Z46-AA46)^2 -> 0.81 | AD46: =AC46/2 -> 0.405
A47: 43 | B47: 44322 | C47: 0.67498843 | D47: -7.03 | E47: 107.23 | F47: 10 | G47: 3.3 | Z47: 3.6 | AA47: 3.5 | AB47: 0.74431176 | AC47: =(Z47-AA47)^2 -> 0.01 | AD47: =AC47/2 -> 0.005
A48: 44 | B48: 44324 | C48: 0.0069560185 | D48: -7.75 | E48: 106.94 | F48: 25 | G48: 3 | Z48: 3.2 | AA48: 3.5 | AB48: 0.75239617 | AC48: =(Z48-AA48)^2 -> 0.09 | AD48: =AC48/2 -> 0.045
A49: 45 | B49: 44325 | C49: 0.14158565 | D49: -7.24 | E49: 107.71 | F49: 11 | G49: 2.5 | Z49: 2.2 | AA49: 3.5 | AB49: 0.76843998 | AC49: =(Z49-AA49)^2 -> 1.69 | AD49: =AC49/2 -> 0.845
A50: 46 | B50: 44326 | C50: 0.50537037 | D50: -7.74 | E50: 108.64 | F50: 84 | G50: 2.9 | Y50: offset 8 | Z50: 3.2 | AA50: 3.1 | AB50: 0.7823682 | AC50: =(Z50-AA50)^2 -> 0.01 | AD50: =AC50/2 -> 0.005
A51: 47 | B51: 44327 | C51: 0.28400463 | D51: -7.64 | E51: 106.53 | F51: 16 | G51: 3.2 | Z51: 3.6 | AA51: 3.1 | AB51: 0.78600254 | AC51: =(Z51-AA51)^2 -> 0.25 | AD51: =AC51/2 -> 0.125
A52: 48 | B52: 44335 | C52: 0.51403935 | D52: -7.85 | E52: 107.26 | F52: 26 | G52: 3.3 | Z52: 2.7 | AA52: 3.5 | AB52: 0.78873316 | AC52: =(Z52-AA52)^2 -> 0.64 | AD52: =AC52/2 -> 0.32
A53: 49 | B53: 44339 | C53: 0.52039352 | D53: -7.23 | E53: 107.74 | F53: 10 | G53: 3.2 | Y53: offset 9 | Z53: 3.2 | AA53: 2.2 | AB53: 0.94031909 | AC53: =(Z53-AA53)^2 -> 1 | AD53: =AC53/2 -> 0.5 | AE53: =AVERAGE(AB53:AB54) -> 0.94610597 | AF53: 0.9
A54: 50 | B54: 44340 | C54: 0.86993056 | D54: -7.18 | E54: 106.68 | F54: 66 | G54: 3.1 | Z54: 2.2 | AA54: 3.6 | AB54: 0.95189285 | AC54: =(Z54-AA54)^2 -> 1.96 | AD54: =AC54/2 -> 0.98
A55: 51 | B55: 44340 | C55: 0.41275463 | D55: -7.88 | E55: 107.51 | F55: 31 | G55: 3.6 | Y55: offset 10 | Z55: 3.2 | AA55: 3.5 | AB55: 1.0602358 | AC55: =(Z55-AA55)^2 -> 0.09 | AD55: =AC55/2 -> 0.045 | AE55: =AVERAGE(AB55:AB57) -> 1.0677048 | AF55: 1.1
A56: 52 | B56: 44340 | C56: 0.99877315 | D56: -7.73 | E56: 107.51 | F56: 10 | G56: 3.1 | Z56: 3.2 | AA56: 3.2 | AB56: 1.0632027 | AC56: =(Z56-AA56)^2 -> 0 | AD56: =AC56/2 -> 0
A57: 53 | B57: 44340 | C57: 0.7612037 | D57: -6.95 | E57: 107.89 | F57: 10 | G57: 2.1 | Z57: 3.2 | AA57: 3.6 | AB57: 1.0796759 | AC57: =(Z57-AA57)^2 -> 0.16 | AD57: =AC57/2 -> 0.08
A58: 54 | B58: 44343 | C58: 0.13581019 | D58: -7.31 | E58: 106.67 | F58: 97 | G58: 3.6
A59: 55 | B59: 44343 | C59: 0.9925 | D59: -7.84 | E59: 107.29 | F59: 25 | G59: 4.1
A60: 56 | B60: 44344 | C60: 0.71865741 | D60: -7.23 | E60: 108.67 | F60: 10 | G60: 3.7
A61: 57 | B61: 44345 | C61: 0.20769676 | D61: -6.94 | E61: 107.02 | F61: 10 | G61: 2.5
A62: 58 | B62: 44350 | C62: 0.96505787 | D62: -6.91 | E62: 106.96 | F62: 10 | G62: 3.1
A63: 59 | B63: 44351 | C63: 0.17413194 | D63: -7.71 | E63: 106.93 | F63: 10 | G63: 3.6
A64: 60 | B64: 44352 | C64: 0.19931713 | D64: -7.22 | E64: 108.78 | F64: 10 | G64: 5.5
A65: 61 | B65: 44352 | C65: 0.13472222 | D65: -6.75 | E65: 106.6 | F65: 16 | G65: 2.7
A66: 62 | B66: 44353 | C66: 0.54671296 | D66: -7.84 | E66: 107.26 | F66: 27 | G66: 4.1
A67: 63 | B67: 44354 | C67: 0.54998843 | D67: -7.87 | E67: 107.26 | F67: 25 | G67: 4.1 | AO67: rata-rata | AP67: spherical | AQ67: exponential | AR67: gaussian | AU67: APE (spherical) | AV67: APE (exponential) | AW67: APE (gaussian) | AX67: SE sphr | AY67: SE exp | AZ67: SE gau
A68: 64 | B68: 44354 | C68: 0.43775463 | D68: -7.85 | E68: 107.28 | F68: 23 | G68: 4.1 | AN68: 0 | AO68: 0 | AP68: 0 | AQ68: 0 | AR68: 0 | AU68: 0 | AV68: 0 | AW68: 0 | AX68: 0 | AY68: 0 | AZ68: 0
A69: 65 | B69: 44355 | C69: 0.57315972 | D69: -7.85 | E69: 106.79 | F69: 10 | G69: 3.2 | AM69: 0.2 | AN69: 0.1 | AO69: 0.20470588 | AP69: =$AO$76*(1.5*(AM69/$AO$77)-0.5*(AM69/$AO$77)^3) -> 0.28004737 | AQ69: =$AO$76*(1-EXP(-(AM69/$AO$77))) -> 0.17149992 | AR69: =$AO$76*(1-EXP(-((AM69)^2/($AO$77)^2))) -> 0.037097346 | AU69: =(ABS(AO69-AP69)/AO69)*100 -> 36.804749 | AV69: =(ABS(AO69-AQ69)/AO69)*100 -> 16.221305 | AW69: =(ABS(AO69-AR69)/AO69)*100 -> 81.877733 | AX69: =(AO69-AP69)^2 -> 0.0056763395 | AY69: =(AO69-AQ69)^2 -> 0.0011026361 | AZ69: =(AO69-AR69)^2 -> 0.028092622
A70: 66 | B70: 44355 | C70: 0.83865741 | D70: -7.46 | E70: 106.8 | F70: 108 | G70: 4.2 | AM70: 0.4 | AN70: 0.3 | AO70: 0.34303186 | AP70: =$AO$76*(1.5*(AM70/$AO$77)-0.5*(AM70/$AO$77)^3) -> 0.53738819 | AQ70: =$AO$76*(1-EXP(-(AM70/$AO$77))) -> 0.31191217 | AR70: =$AO$76*(1-EXP(-((AM70)^2/($AO$77)^2))) -> 0.13988764 | AU70: =(ABS(AO70-AP70)/AO70)*100 -> 56.658389 | AV70: =(ABS(AO70-AQ70)/AO70)*100 -> 9.0719533 | AW70: =(ABS(AO70-AR70)/AO70)*100 -> 59.220219 | AX70: =(AO70-AP70)^2 -> 0.037774382 | AY70: =(AO70-AQ70)^2 -> 0.00096843514 | AZ70: =(AO70-AR70)^2 -> 0.041267574
A71: 67 | B71: 44359 | C71: 0.62555556 | D71: -7.11 | E71: 107.49 | F71: 19 | G71: 2.9 | AM71: 0.6 | AN71: 0.5 | AO71: 0.46090662 | AP71: =$AO$76*(1.5*(AM71/$AO$77)-0.5*(AM71/$AO$77)^3) -> 0.74931593 | AQ71: =$AO$76*(1-EXP(-(AM71/$AO$77))) -> 0.42687201 | AR71: =$AO$76*(1-EXP(-((AM71)^2/($AO$77)^2))) -> 0.28603023 | AU71: =(ABS(AO71-AP71)/AO71)*100 -> 62.574346 | AV71: =(ABS(AO71-AQ71)/AO71)*100 -> 7.384276 | AW71: =(ABS(AO71-AR71)/AO71)*100 -> 37.941826 | AX71: =(AO71-AP71)^2 -> 0.083179929 | AY71: =(AO71-AQ71)^2 -> 0.0011583552 | AZ71: =(AO71-AR71)^2 -> 0.030581752
A72: 68 | B72: 44364 | C72: 0.26428241 | D72: -7.8 | E72: 106.5 | F72: 10 | G72: 3.6 | AM72: 0.8 | AN72: 0.7 | AO72: 0.72346104 | AP72: =$AO$76*(1.5*(AM72/$AO$77)-0.5*(AM72/$AO$77)^3) -> 0.89312404 | AQ72: =$AO$76*(1-EXP(-(AM72/$AO$77))) -> 0.52099316 | AR72: =$AO$76*(1-EXP(-((AM72)^2/($AO$77)^2))) -> 0.44723146 | AU72: =(ABS(AO72-AP72)/AO72)*100 -> 23.451574 | AV72: =(ABS(AO72-AQ72)/AO72)*100 -> 27.98601 | AW72: =(ABS(AO72-AR72)/AO72)*100 -> 38.18168 | AX72: =(AO72-AP72)^2 -> 0.028785535 | AY72: =(AO72-AQ72)^2 -> 0.040993242 | AZ72: =(AO72-AR72)^2 -> 0.076302778
A73: 69 | B73: 44365 | C73: 0.69666667 | D73: -7.26 | E73: 107.6 | F73: 10 | G73: 2 | AM73: 1 | AN73: 0.9 | AO73: 0.94610597 | AP73: =$AO$76*(1.5*(AM73/$AO$77)-0.5*(AM73/$AO$77)^3) -> 0.94610597 | AQ73: =$AO$76*(1-EXP(-(AM73/$AO$77))) -> 0.59805304 | AR73: =$AO$76*(1-EXP(-((AM73)^2/($AO$77)^2))) -> 0.59805304 | AU73: =(ABS(AO73-AP73)/AO73)*100 -> 0 | AV73: =(ABS(AO73-AQ73)/AO73)*100 -> 36.787944 | AW73: =(ABS(AO73-AR73)/AO73)*100 -> 36.787944 | AX73: =(AO73-AP73)^2 -> 0 | AY73: =(AO73-AQ73)^2 -> 0.12114085 | AZ73: =(AO73-AR73)^2 -> 0.12114085
A74: 70 | B74: 44366 | C74: 0.56094907 | D74: -7.81 | E74: 107.3 | F74: 28 | G74: 3.1 | AM74: 1.2 | AN74: 1.1 | AO74: 1.0677048 | AP74: =AO76 -> 0.94610597 | AQ74: =$AO$76*(1-EXP(-(AM74/$AO$77))) -> 0.66114433 | AR74: =$AO$76*(1-EXP(-((AM74)^2/($AO$77)^2))) -> 0.72194721 | AU74: =(ABS(AO74-AP74)/AO74)*100 -> 11.388806 | AV74: =(ABS(AO74-AQ74)/AO74)*100 -> 38.077985 | AW74: =(ABS(AO74-AR74)/AO74)*100 -> 32.383258 | AX74: =(AO74-AP74)^2 -> 0.014786275 | AY74: =(AO74-AQ74)^2 -> 0.16529142 | AZ74: =(AO74-AR74)^2 -> 0.11954832
A75: 71 | B75: 44367 | C75: 0.46663194 | D75: -7.71 | E75: 106.62 | F75: 19 | G75: 2.9 | AN75: nugget (C0) | AO75: 0 | AP75: 0 | AQ75: 0 | AR75: 0 | AT75: MEAN | AU75: =AVERAGE(AU68:AU74) -> 27.268266 | AV75: =AVERAGE(AV68:AV74) -> 19.361353 | AW75: =AVERAGE(AW68:AW74) -> 40.913237 | AX75: =AVERAGE(AX68:AX74) -> 0.024314637 | AY75: =AVERAGE(AY68:AY74) -> 0.047236419 | AZ75: =AVERAGE(AZ68:AZ74) -> 0.059561984
A76: 72 | B76: 44373 | C76: 0.56983796 | D76: -7.57 | E76: 106.49 | F76: 81 | G76: 2.8 | AN76: sill ( C ) | AO76: =AO73 -> 0.94610597 | AP76: =AP73 -> 0.94610597 | AQ76: =AQ73 -> 0.59805304 | AR76: =AR73 -> 0.59805304 | AW76: Square root | AX76: =SQRT(AX75) -> 0.15593151 | AY76: =SQRT(AY75) -> 0.21733941 | AZ76: =SQRT(AZ75) -> 0.24405324
A77: 73 | B77: 44374 | C77: 0.67315972 | D77: -7.7 | E77: 106.59 | F77: 20 | G77: 3.6 | AN77: range (a) | AO77: 1 | AP77: 1 | AQ77: 1 | AR77: 1
A78: 74 | B78: 44379 | C78: 0.98532407 | D78: -7.52 | E78: 106.76 | F78: 44 | G78: 4.8
A79: 75 | B79: 44380 | C79: 0.50857639 | D79: -7.84 | E79: 107.04 | F79: 16 | G79: 2.7
A80: 76 | B80: 44384 | C80: 0.7565625 | D80: -7.28 | E80: 107.52 | F80: 32 | G80: 2.2
A81: 77 | B81: 44386 | C81: 0.10212963 | D81: -7.54 | E81: 106.69 | F81: 29 | G81: 3.9
A82: 78 | B82: 44386 | C82: 0.17186343 | D82: -5.97 | E82: 107.23 | F82: 324 | G82: 3.7
A83: 79 | B83: 44388 | C83: 0.062789352 | D83: -7.51 | E83: 106.77 | F83: 31 | G83: 3.4
A84: 80 | B84: 44389 | C84: 0.9693287 | D84: -7.17 | E84: 107.01 | F84: 10 | G84: 2.9
A85: 81 | B85: 44390 | C85: 0.84163194 | D85: -7.25 | E85: 108.62 | F85: 187 | G85: 3.9
A86: 82 | B86: 44391 | C86: 0.36813657 | D86: -7.61 | E86: 107.72 | F86: 10 | G86: 2.9
A87: 83 | B87: 44395 | C87: 0.51232639 | D87: -6.63 | E87: 107.74 | F87: 265 | G87: 2.9
A88: 84 | B88: 44399 | C88: 0.93299769 | D88: -7.79 | E88: 107.31 | F88: 28 | G88: 3.9
A89: 85 | B89: 44407 | C89: 0.34591435 | D89: -6.83 | E89: 106.66 | F89: 101 | G89: 3.3
... A143: 139 | B143: 44529 | C143: 0.71789352 | D143: -7.74 | E143: 107.27 | F143: 32 | G143: 2.5

Sheet Kriging
AR1: Matriks kovarians data sigma(Z(si),Z(sj))) | AU1: h sesuai binning data | BD1: vektor kovarians data dengan prediksi | BH1: Bobot Kriging (lambda) | BJ1: OK | BK1: SK | BN1: Data | BO1: prediksi
A2: Data Kekuatan Gempa Bumi Jawa Barat Tahun 2021 | K2: 3.2 | L2: 2.7 | M2: 3.2 | N2: 3.2 | O2: 2.2 | P2: 3.6 | Q2: 3.1 | R2: 3.5 | S2: 4.5 | T2: 2.8 | AC2: Menentukan semivarian
A3: Lokasi | B3: Tanggal | C3: Jam | D3: Lintang (x) | E3: Bujur (y) | F3: Kedalaman (km) | G3: Magnitudo (R) | J3: Lokasi | K3: 1 | L3: 2 | M3: 3 | N3: 4 | O3: 5 | P3: 6 | Q3: 7 | R3: 8 | S3: 9 | T3: 10 | U3: 11 | W3: zi | X3: zj | Y3: jarak(h) | Z3: (zi-zj)^2 | AA3: semivarians | AC3: Offset | AD3: banyak lokasi | AE3: sigma(zi-zj)^2 | AF3: bin center | AG3: bin range | AI3: semivarians | AK3: spherical | AL3: exponential | AM3: gaussian | AN3: SE sphr | AO3: SE exp | AP3: SE gau | AR3: si,sj | AS3: 1 | AT3: 2 | AU3: 3 | AV3: 4 | AW3: 5 | AX3: 6 | AY3: 7 | AZ3: 8 | BA3: 9 | BB3: 10 | BD3: si,s0 | BE3: 11 | BH3: 1 | BI3: -0.3855 | BJ3: =BI3*G5 -> -1.2336 | BK3: =BI3*(G5-$N$15) -> 0 | BN3: s11 | BO3: OK | BP3: SK
I4: 3.2 | J4: 1 | K4: =SQRT(('Olah Semivariogram'!$D$5-'Olah Semivariogram'!D5)^2+('Olah Semivariogram'!$E$5-'Olah Semivariogram'!E5)^2) -> 0 | L4: =SQRT(('Olah Semivariogram'!$D$6-'Olah Semivariogram'!D5)^2+('Olah Semivariogram'!$E$6-'Olah Semivariogram'!E5)^2) -> 0.45276926 | M4: =SQRT(('Olah Semivariogram'!$D$7-'Olah Semivariogram'!D5)^2+('Olah Semivariogram'!$E$7-'Olah Semivariogram'!E5)^2) -> 0.72801099 | N4: =SQRT(('Olah Semivariogram'!$D$8-'Olah Semivariogram'!D5)^2+('Olah Semivariogram'!$E$8-'Olah Semivariogram'!E5)^2) -> 0.65513357 | O4: =SQRT(('Olah Semivariogram'!$D$9-'Olah Semivariogram'!D5)^2+('Olah Semivariogram'!$E$9-'Olah Semivariogram'!E5)^2) -> 0.45276926 | P4: =SQRT(('Olah Semivariogram'!$D$10-'Olah Semivariogram'!D5)^2+('Olah Semivariogram'!$E$10-'Olah Semivariogram'!E5)^2) -> 0.65734314 | Q4: =SQRT(('Olah Semivariogram'!$D$11-'Olah Semivariogram'!D5)^2+('Olah Semivariogram'!$E$11-'Olah Semivariogram'!E5)^2) -> 0.13601471 | R4: =SQRT(('Olah Semivariogram'!$D$12-'Olah Semivariogram'!D5)^2+('Olah Semivariogram'!$E$12-'Olah Semivariogram'!E5)^2) -> 0.33837849 | S4: =SQRT(('Olah Semivariogram'!$D$13-'Olah Semivariogram'!D5)^2+('Olah Semivariogram'!$E$13-'Olah Semivariogram'!E5)^2) -> 0.09963935 | T4: =SQRT(('Olah Semivariogram'!$D$14-'Olah Semivariogram'!D5)^2+('Olah Semivariogram'!$E$14-'Olah Semivariogram'!E5)^2) -> 0.08 | U4: =SQRT((D5-$D$15)^2+(E5-$E$15)^2) -> 0.18384776 | V4: offset 1 | W4: 3.2 | X4: 3.2 | Y4: 0 | Z4: =(W4-X4)^2 -> 0 | AA4: =Z4/20 -> 0 | AC4: 1 | AD4: =COUNT(W4:W13) -> 10 | AE4: =SUM(Z4:Z13) -> 0 | AF4: 0 | AG4: 0 | AH4: 0 | AI4: 0 | AK4: 0 | AL4: 0 | AM4: 0 | AN4: 0 | AO4: 0 | AP4: 0 | AR4: 1 | AS4: =IF(K4=0,0,IF(K4<=$N$22,$AK$19*(1.5*($K$22/$AK$20)-0.5*($K$22/$AK$20)^3),IF(K4<=$N$23,$AK$19*(1.5*($K$23/$AK$20)-0.5*($K$23/$AK$20)^3),IF(K4<=$N$24,$AK$19*(1.5*($K$24/$AK$20)-0.5*($K$24/$AK$20)^3),IF(K4<=$K$25,$AK$19*(1.5*($K$25/$AK$20)-0.5*($K$25/$AK$20)^3), $AK$19))))) -> 0 | AT4: =IF(L4=0,0,IF(L4<=$N$22,$AK$19*(1.5*($K$22/$AK$20)-0.5*($K$22/$AK$20)^3),IF(L4<=$N$23,$AK$19*(1.5*($K$23/$AK$20)-0.5*($K$23/$AK$20)^3),IF(L4<=$N$24,$AK$19*(1.5*($K$24/$AK$20)-0.5*($K$24/$AK$20)^3),IF(L4<=$K$25,$AK$19*(1.5*($K$25/$AK$20)-0.5*($K$25/$AK$20)^3), $AK$19))))) -> 0.419125 | AU4: =IF(M4=0,0,IF(M4<=$N$22,$AK$19*(1.5*($K$22/$AK$20)-0.5*($K$22/$AK$20)^3),IF(M4<=$N$23,$AK$19*(1.5*($K$23/$AK$20)-0.5*($K$23/$AK$20)^3),IF(M4<=$N$24,$AK$19*(1.5*($K$24/$AK$20)-0.5*($K$24/$AK$20)^3),IF(M4<=$K$25,$AK$19*(1.5*($K$25/$AK$20)-0.5*($K$25/$AK$20)^3), $AK$19))))) -> 0.419125 | AV4: =IF(N4=0,0,IF(N4<=$N$22,$AK$19*(1.5*($K$22/$AK$20)-0.5*($K$22/$AK$20)^3),IF(N4<=$N$23,$AK$19*(1.5*($K$23/$AK$20)-0.5*($K$23/$AK$20)^3),IF(N4<=$N$24,$AK$19*(1.5*($K$24/$AK$20)-0.5*($K$24/$AK$20)^3),IF(N4<=$K$25,$AK$19*(1.5*($K$25/$AK$20)-0.5*($K$25/$AK$20)^3), $AK$19))))) -> 0.419125 | AW4: =IF(O4=0,0,IF(O4<=$N$22,$AK$19*(1.5*($K$22/$AK$20)-0.5*($K$22/$AK$20)^3),IF(O4<=$N$23,$AK$19*(1.5*($K$23/$AK$20)-0.5*($K$23/$AK$20)^3),IF(O4<=$N$24,$AK$19*(1.5*($K$24/$AK$20)-0.5*($K$24/$AK$20)^3),IF(O4<=$K$25,$AK$19*(1.5*($K$25/$AK$20)-0.5*($K$25/$AK$20)^3), $AK$19))))) -> 0.419125 | AX4: =IF(P4=0,0,IF(P4<=$N$22,$AK$19*(1.5*($K$22/$AK$20)-0.5*($K$22/$AK$20)^3),IF(P4<=$N$23,$AK$19*(1.5*($K$23/$AK$20)-0.5*($K$23/$AK$20)^3),IF(P4<=$N$24,$AK$19*(1.5*($K$24/$AK$20)-0.5*($K$24/$AK$20)^3),IF(P4<=$K$25,$AK$19*(1.5*($K$25/$AK$20)-0.5*($K$25/$AK$20)^3), $AK$19))))) -> 0.419125 | AY4: =IF(Q4=0,0,IF(Q4<=$N$22,$AK$19*(1.5*($K$22/$AK$20)-0.5*($K$22/$AK$20)^3),IF(Q4<=$N$23,$AK$19*(1.5*($K$23/$AK$20)-0.5*($K$23/$AK$20)^3),IF(Q4<=$N$24,$AK$19*(1.5*($K$24/$AK$20)-0.5*($K$24/$AK$20)^3),IF(Q4<=$K$25,$AK$19*(1.5*($K$25/$AK$20)-0.5*($K$25/$AK$20)^3), $AK$19))))) -> 0.15389746 | AZ4: =IF(R4=0,0,IF(R4<=$N$22,$AK$19*(1.5*($K$22/$AK$20)-0.5*($K$22/$AK$20)^3),IF(R4<=$N$23,$AK$19*(1.5*($K$23/$AK$20)-0.5*($K$23/$AK$20)^3),IF(R4<=$N$24,$AK$19*(1.5*($K$24/$AK$20)-0.5*($K$24/$AK$20)^3),IF(R4<=$K$25,$AK$19*(1.5*($K$25/$AK$20)-0.5*($K$25/$AK$20)^3), $AK$19))))) -> 0.38310645 | ... BB4: =IF(T4=0,0,IF(T4<=$N$22,$AK$19*(1.5*($K$22/$AK$20)-0.5*($K$22/$AK$20)^3),IF(T4<=$N$23,$AK$19*(1.5*($K$23/$AK$20)-0.5*($K$23/$AK$20)^3),IF(T4<=$N$24,$AK$19*(1.5*($K$24/$AK$20)-0.5*($K$24/$AK$20)^3),IF(T4<=$K$25,$AK$19*(1.5*($K$25/$AK$20)-0.5*($K$25/$AK$20)^3), $AK$19))))) -> 0.15389746 | BD4: 1 | BE4: =IF(U4=0,0,IF(U4<=$N$22,$AK$19*(1.5*($K$22/$AK$20)-0.5*($K$22/$AK$20)^3),IF(U4<=$N$23,$AK$19*(1.5*($K$23/$AK$20)-0.5*($K$23/$AK$20)^3),IF(U4<=$N$24,$AK$19*(1.5*($K$24/$AK$20)-0.5*($K$24/$AK$20)^3),IF(U4<=$K$25,$AK$19*(1.5*($K$25/$AK$20)-0.5*($K$25/$AK$20)^3), $AK$19))))) -> 0.28814844 | BH4: 2 | BI4: -0.0122 | BJ4: =BI4*G6 -> -0.03294 | BK4: =BI4*(G6-$N$15) -> 0.0061 | BN4: =$G$15 -> 2.9 | BO4: =BJ13 -> 3.89862 | BP4: =BK13 -> 3.69926
A5: 1 | B5: 44201 | C5: 0.98804398 | D5: -7.47 | E5: 106.71 | F5: 36 | G5: 3.2 | I5: 2.7 | J5: 2 | K5: =SQRT(('Olah Semivariogram'!$D$5-'Olah Semivariogram'!D6)^2+('Olah Semivariogram'!$E$5-'Olah Semivariogram'!E6)^2) -> 0.45276926 | L5: =SQRT(('Olah Semivariogram'!$D$6-'Olah Semivariogram'!D6)^2+('Olah Semivariogram'!$E$6-'Olah Semivariogram'!E6)^2) -> 0 | M5: =SQRT(('Olah Semivariogram'!$D$7-'Olah Semivariogram'!D6)^2+('Olah Semivariogram'!$E$7-'Olah Semivariogram'!E6)^2) -> 0.35355339 | N5: =SQRT(('Olah Semivariogram'!$D$8-'Olah Semivariogram'!D6)^2+('Olah Semivariogram'!$E$8-'Olah Semivariogram'!E6)^2) -> 0.71512237 | O5: =SQRT(('Olah Semivariogram'!$D$9-'Olah Semivariogram'!D6)^2+('Olah Semivariogram'!$E$9-'Olah Semivariogram'!E6)^2) -> 0.28635642 | P5: =SQRT(('Olah Semivariogram'!$D$10-'Olah Semivariogram'!D6)^2+('Olah Semivariogram'!$E$10-'Olah Semivariogram'!E6)^2) -> 0.73054774 | Q5: =SQRT(('Olah Semivariogram'!$D$11-'Olah Semivariogram'!D6)^2+('Olah Semivariogram'!$E$11-'Olah Semivariogram'!E6)^2) -> 0.44777226 | R5: =SQRT(('Olah Semivariogram'!$D$12-'Olah Semivariogram'!D6)^2+('Olah Semivariogram'!$E$12-'Olah Semivariogram'!E6)^2) -> 0.78873316 | S5: =SQRT(('Olah Semivariogram'!$D$13-'Olah Semivariogram'!D6)^2+('Olah Semivariogram'!$E$13-'Olah Semivariogram'!E6)^2) -> 0.40175614 | T5: =SQRT(('Olah Semivariogram'!$D$14-'Olah Semivariogram'!D6)^2+('Olah Semivariogram'!$E$14-'Olah Semivariogram'!E6)^2) -> 0.40224371 | U5: =SQRT((D6-$D$15)^2+(E6-$E$15)^2) -> 0.48332184 | W5: 2.7 | X5: 2.7 | Y5: 0 | Z5: =(W5-X5)^2 -> 0 | AA5: =Z5/20 -> 0 | AC5: 2 | AD5: =COUNT(W14:W19) -> 6 | AE5: =SUM(Z14:Z19) -> 6.87 | AF5: =MEDIAN(AG5,AH5) -> 0.11996399 | AG5: 0.059981993 | AH5: 0.17994598 | AI5: =AE5/(2*AD5) -> 0.5725 | AK5: =$AI$19*(1.5*(AF5/$AI$20)-0.5*(AF5/$AI$20)^3) -> 0.17473724 | AL5: =$AI$19*(1-EXP(-(AF5/$AI$20))) -> 0.10416208 | AM5: =$AI$19*(1-EXP(-((AF5)^2/($AI$20)^2))) -> 0.032855021 | AN5: =(AK5-AI5)^2 -> 0.15821521 | AO5: =(AL5-AI5)^2 -> 0.21934041 | AP5: =(AM5-AI5)^2 -> 0.2912167 | AR5: 2 | AS5: =IF(K5=0,0,IF(K5<=$N$22,$AK$19*(1.5*($K$22/$AK$20)-0.5*($K$22/$AK$20)^3),IF(K5<=$N$23,$AK$19*(1.5*($K$23/$AK$20)-0.5*($K$23/$AK$20)^3),IF(K5<=$N$24,$AK$19*(1.5*($K$24/$AK$20)-0.5*($K$24/$AK$20)^3),IF(K5<=$K$25,$AK$19*(1.5*($K$25/$AK$20)-0.5*($K$25/$AK$20)^3), $AK$19))))) -> 0.419125 | AT5: =IF(L5=0,0,IF(L5<=$N$22,$AK$19*(1.5*($K$22/$AK$20)-0.5*($K$22/$AK$20)^3),IF(L5<=$N$23,$AK$19*(1.5*($K$23/$AK$20)-0.5*($K$23/$AK$20)^3),IF(L5<=$N$24,$AK$19*(1.5*($K$24/$AK$20)-0.5*($K$24/$AK$20)^3),IF(L5<=$K$25,$AK$19*(1.5*($K$25/$AK$20)-0.5*($K$25/$AK$20)^3), $AK$19))))) -> 0 | AU5: =IF(M5=0,0,IF(M5<=$N$22,$AK$19*(1.5*($K$22/$AK$20)-0.5*($K$22/$AK$20)^3),IF(M5<=$N$23,$AK$19*(1.5*($K$23/$AK$20)-0.5*($K$23/$AK$20)^3),IF(M5<=$N$24,$AK$19*(1.5*($K$24/$AK$20)-0.5*($K$24/$AK$20)^3),IF(M5<=$K$25,$AK$19*(1.5*($K$25/$AK$20)-0.5*($K$25/$AK$20)^3), $AK$19))))) -> 0.38310645 | AV5: =IF(N5=0,0,IF(N5<=$N$22,$AK$19*(1.5*($K$22/$AK$20)-0.5*($K$22/$AK$20)^3),IF(N5<=$N$23,$AK$19*(1.5*($K$23/$AK$20)-0.5*($K$23/$AK$20)^3),IF(N5<=$N$24,$AK$19*(1.5*($K$24/$AK$20)-0.5*($K$24/$AK$20)^3),IF(N5<=$K$25,$AK$19*(1.5*($K$25/$AK$20)-0.5*($K$25/$AK$20)^3), $AK$19))))) -> 0.419125 | AW5: =IF(O5=0,0,IF(O5<=$N$22,$AK$19*(1.5*($K$22/$AK$20)-0.5*($K$22/$AK$20)^3),IF(O5<=$N$23,$AK$19*(1.5*($K$23/$AK$20)-0.5*($K$23/$AK$20)^3),IF(O5<=$N$24,$AK$19*(1.5*($K$24/$AK$20)-0.5*($K$24/$AK$20)^3),IF(O5<=$K$25,$AK$19*(1.5*($K$25/$AK$20)-0.5*($K$25/$AK$20)^3), $AK$19))))) -> 0.28814844 | AX5: =IF(P5=0,0,IF(P5<=$N$22,$AK$19*(1.5*($K$22/$AK$20)-0.5*($K$22/$AK$20)^3),IF(P5<=$N$23,$AK$19*(1.5*($K$23/$AK$20)-0.5*($K$23/$AK$20)^3),IF(P5<=$N$24,$AK$19*(1.5*($K$24/$AK$20)-0.5*($K$24/$AK$20)^3),IF(P5<=$K$25,$AK$19*(1.5*($K$25/$AK$20)-0.5*($K$25/$AK$20)^3), $AK$19))))) -> 0.419125 | AY5: =IF(Q5=0,0,IF(Q5<=$N$22,$AK$19*(1.5*($K$22/$AK$20)-0.5*($K$22/$AK$20)^3),IF(Q5<=$N$23,$AK$19*(1.5*($K$23/$AK$20)-0.5*($K$23/$AK$20)^3),IF(Q5<=$N$24,$AK$19*(1.5*($K$24/$AK$20)-0.5*($K$24/$AK$20)^3),IF(Q5<=$K$25,$AK$19*(1.5*($K$25/$AK$20)-0.5*($K$25/$AK$20)^3), $AK$19))))) -> 0.419125 | AZ5: =IF(R5=0,0,IF(R5<=$N$22,$AK$19*(1.5*($K$22/$AK$20)-0.5*($K$22/$AK$20)^3),IF(R5<=$N$23,$AK$19*(1.5*($K$23/$AK$20)-0.5*($K$23/$AK$20)^3),IF(R5<=$N$24,$AK$19*(1.5*($K$24/$AK$20)-0.5*($K$24/$AK$20)^3),IF(R5<=$K$25,$AK$19*(1.5*($K$25/$AK$20)-0.5*($K$25/$AK$20)^3), $AK$19))))) -> 0.419125 | ... BB5: =IF(T5=0,0,IF(T5<=$N$22,$AK$19*(1.5*($K$22/$AK$20)-0.5*($K$22/$AK$20)^3),IF(T5<=$N$23,$AK$19*(1.5*($K$23/$AK$20)-0.5*($K$23/$AK$20)^3),IF(T5<=$N$24,$AK$19*(1.5*($K$24/$AK$20)-0.5*($K$24/$AK$20)^3),IF(T5<=$K$25,$AK$19*(1.5*($K$25/$AK$20)-0.5*($K$25/$AK$20)^3), $AK$19))))) -> 0.38310645 | BD5: 2 | BE5: =IF(U5=0,0,IF(U5<=$N$22,$AK$19*(1.5*($K$22/$AK$20)-0.5*($K$22/$AK$20)^3),IF(U5<=$N$23,$AK$19*(1.5*($K$23/$AK$20)-0.5*($K$23/$AK$20)^3),IF(U5<=$N$24,$AK$19*(1.5*($K$24/$AK$20)-0.5*($K$24/$AK$20)^3),IF(U5<=$K$25,$AK$19*(1.5*($K$25/$AK$20)-0.5*($K$25/$AK$20)^3), $AK$19))))) -> 0.419125 | BH5: 3 | BI5: 0.0585 | BJ5: =BI5*G7 -> 0.1872 | BK5: =BI5*(G7-$N$15) -> 0 | BO5: =BJ34 -> 3.19206 | BP5: =BK34 -> 3.03782
A6: 2 | B6: 44203 | C6: 0.30513889 | D6: -7.14 | E6: 107.02 | F6: 81 | G6: 2.7 | I6: 3.2 | J6: 3 | K6: =SQRT(('Olah Semivariogram'!$D$5-'Olah Semivariogram'!D7)^2+('Olah Semivariogram'!$E$5-'Olah Semivariogram'!E7)^2) -> 0.72801099 | L6: =SQRT(('Olah Semivariogram'!$D$6-'Olah Semivariogram'!D7)^2+('Olah Semivariogram'!$E$6-'Olah Semivariogram'!E7)^2) -> 0.35355339 | M6: =SQRT(('Olah Semivariogram'!$D$7-'Olah Semivariogram'!D7)^2+('Olah Semivariogram'!$E$7-'Olah Semivariogram'!E7)^2) -> 0 | N6: =SQRT(('Olah Semivariogram'!$D$8-'Olah Semivariogram'!D7)^2+('Olah Semivariogram'!$E$8-'Olah Semivariogram'!E7)^2) -> 1.0632027 | O6: =SQRT(('Olah Semivariogram'!$D$9-'Olah Semivariogram'!D7)^2+('Olah Semivariogram'!$E$9-'Olah Semivariogram'!E7)^2) -> 0.31144823 | P6: =SQRT(('Olah Semivariogram'!$D$10-'Olah Semivariogram'!D7)^2+('Olah Semivariogram'!$E$10-'Olah Semivariogram'!E7)^2) -> 1.0796759 | Q6: =SQRT(('Olah Semivariogram'!$D$11-'Olah Semivariogram'!D7)^2+('Olah Semivariogram'!$E$11-'Olah Semivariogram'!E7)^2) -> 0.66370174 | R6: =SQRT(('Olah Semivariogram'!$D$12-'Olah Semivariogram'!D7)^2+('Olah Semivariogram'!$E$12-'Olah Semivariogram'!E7)^2) -> 1.0602358 | S6: =SQRT(('Olah Semivariogram'!$D$13-'Olah Semivariogram'!D7)^2+('Olah Semivariogram'!$E$13-'Olah Semivariogram'!E7)^2) -> 0.64498682 | T6: =SQRT(('Olah Semivariogram'!$D$14-'Olah Semivariogram'!D7)^2+('Olah Semivariogram'!$E$14-'Olah Semivariogram'!E7)^2) -> 0.70342022 | U6: =SQRT((D7-$D$15)^2+(E7-$E$15)^2) -> 0.67424031 | W6: 3.2 | X6: 3.2 | Y6: 0 | Z6: =(W6-X6)^2 -> 0 | AA6: =Z6/20 -> 0 | AC6: 3 | AD6: =COUNTA(W20:W21) -> 2 | AE6: =SUM(Z20:Z21) -> 0.34 | AF6: =MEDIAN(AG6,AH6) -> 0.23992797 | AG6: 0.17994598 | AH6: 0.29990997 | AI6: =AE6/(2*AD6) -> 0.085 | AK6: =$AI$19*(1.5*(AF6/$AI$20)-0.5*(AF6/$AI$20)^3) -> 0.32014796 | AL6: =$AI$19*(1-EXP(-(AF6/$AI$20))) -> 0.18243752 | AM6: =$AI$19*(1-EXP(-((AF6)^2/($AI$20)^2))) -> 0.11675888 | AN6: =(AK6-AI6)^2 -> 0.055294563 | AO6: =(AL6-AI6)^2 -> 0.0094940697 | AP6: =(AM6-AI6)^2 -> 0.0010086266 | AR6: 3 | AS6: =IF(K6=0,0,IF(K6<=$N$22,$AK$19*(1.5*($K$22/$AK$20)-0.5*($K$22/$AK$20)^3),IF(K6<=$N$23,$AK$19*(1.5*($K$23/$AK$20)-0.5*($K$23/$AK$20)^3),IF(K6<=$N$24,$AK$19*(1.5*($K$24/$AK$20)-0.5*($K$24/$AK$20)^3),IF(K6<=$K$25,$AK$19*(1.5*($K$25/$AK$20)-0.5*($K$25/$AK$20)^3), $AK$19))))) -> 0.419125 | AT6: =IF(L6=0,0,IF(L6<=$N$22,$AK$19*(1.5*($K$22/$AK$20)-0.5*($K$22/$AK$20)^3),IF(L6<=$N$23,$AK$19*(1.5*($K$23/$AK$20)-0.5*($K$23/$AK$20)^3),IF(L6<=$N$24,$AK$19*(1.5*($K$24/$AK$20)-0.5*($K$24/$AK$20)^3),IF(L6<=$K$25,$AK$19*(1.5*($K$25/$AK$20)-0.5*($K$25/$AK$20)^3), $AK$19))))) -> 0.38310645 | AU6: =IF(M6=0,0,IF(M6<=$N$22,$AK$19*(1.5*($K$22/$AK$20)-0.5*($K$22/$AK$20)^3),IF(M6<=$N$23,$AK$19*(1.5*($K$23/$AK$20)-0.5*($K$23/$AK$20)^3),IF(M6<=$N$24,$AK$19*(1.5*($K$24/$AK$20)-0.5*($K$24/$AK$20)^3),IF(M6<=$K$25,$AK$19*(1.5*($K$25/$AK$20)-0.5*($K$25/$AK$20)^3), $AK$19))))) -> 0 | AV6: =IF(N6=0,0,IF(N6<=$N$22,$AK$19*(1.5*($K$22/$AK$20)-0.5*($K$22/$AK$20)^3),IF(N6<=$N$23,$AK$19*(1.5*($K$23/$AK$20)-0.5*($K$23/$AK$20)^3),IF(N6<=$N$24,$AK$19*(1.5*($K$24/$AK$20)-0.5*($K$24/$AK$20)^3),IF(N6<=$K$25,$AK$19*(1.5*($K$25/$AK$20)-0.5*($K$25/$AK$20)^3), $AK$19))))) -> 0.419125 | AW6: =IF(O6=0,0,IF(O6<=$N$22,$AK$19*(1.5*($K$22/$AK$20)-0.5*($K$22/$AK$20)^3),IF(O6<=$N$23,$AK$19*(1.5*($K$23/$AK$20)-0.5*($K$23/$AK$20)^3),IF(O6<=$N$24,$AK$19*(1.5*($K$24/$AK$20)-0.5*($K$24/$AK$20)^3),IF(O6<=$K$25,$AK$19*(1.5*($K$25/$AK$20)-0.5*($K$25/$AK$20)^3), $AK$19))))) -> 0.38310645 | AX6: =IF(P6=0,0,IF(P6<=$N$22,$AK$19*(1.5*($K$22/$AK$20)-0.5*($K$22/$AK$20)^3),IF(P6<=$N$23,$AK$19*(1.5*($K$23/$AK$20)-0.5*($K$23/$AK$20)^3),IF(P6<=$N$24,$AK$19*(1.5*($K$24/$AK$20)-0.5*($K$24/$AK$20)^3),IF(P6<=$K$25,$AK$19*(1.5*($K$25/$AK$20)-0.5*($K$25/$AK$20)^3), $AK$19))))) -> 0.419125 | AY6: =IF(Q6=0,0,IF(Q6<=$N$22,$AK$19*(1.5*($K$22/$AK$20)-0.5*($K$22/$AK$20)^3),IF(Q6<=$N$23,$AK$19*(1.5*($K$23/$AK$20)-0.5*($K$23/$AK$20)^3),IF(Q6<=$N$24,$AK$19*(1.5*($K$24/$AK$20)-0.5*($K$24/$AK$20)^3),IF(Q6<=$K$25,$AK$19*(1.5*($K$25/$AK$20)-0.5*($K$25/$AK$20)^3), $AK$19))))) -> 0.419125 | AZ6: =IF(R6=0,0,IF(R6<=$N$22,$AK$19*(1.5*($K$22/$AK$20)-0.5*($K$22/$AK$20)^3),IF(R6<=$N$23,$AK$19*(1.5*($K$23/$AK$20)-0.5*($K$23/$AK$20)^3),IF(R6<=$N$24,$AK$19*(1.5*($K$24/$AK$20)-0.5*($K$24/$AK$20)^3),IF(R6<=$K$25,$AK$19*(1.5*($K$25/$AK$20)-0.5*($K$25/$AK$20)^3), $AK$19))))) -> 0.419125 | ... BB6: =IF(T6=0,0,IF(T6<=$N$22,$AK$19*(1.5*($K$22/$AK$20)-0.5*($K$22/$AK$20)^3),IF(T6<=$N$23,$AK$19*(1.5*($K$23/$AK$20)-0.5*($K$23/$AK$20)^3),IF(T6<=$N$24,$AK$19*(1.5*($K$24/$AK$20)-0.5*($K$24/$AK$20)^3),IF(T6<=$K$25,$AK$19*(1.5*($K$25/$AK$20)-0.5*($K$25/$AK$20)^3), $AK$19))))) -> 0.419125 | BD6: 3 | BE6: =IF(U6=0,0,IF(U6<=$N$22,$AK$19*(1.5*($K$22/$AK$20)-0.5*($K$22/$AK$20)^3),IF(U6<=$N$23,$AK$19*(1.5*($K$23/$AK$20)-0.5*($K$23/$AK$20)^3),IF(U6<=$N$24,$AK$19*(1.5*($K$24/$AK$20)-0.5*($K$24/$AK$20)^3),IF(U6<=$K$25,$AK$19*(1.5*($K$25/$AK$20)-0.5*($K$25/$AK$20)^3), $AK$19))))) -> 0.419125 | BH6: 4 | BI6: 0.0381 | BJ6: =BI6*G8 -> 0.12192 | BK6: =BI6*(G8-$N$15) -> 0 | BO6: =BJ51 -> 2.50176 | BP6: =BK51 -> 2.8272
A7: 3 | B7: 44207 | C7: 0.52436343 | D7: -6.79 | E7: 106.97 | F7: 10 | G7: 3.2 | I7: 3.2 | J7: 4 | K7: =SQRT(('Olah Semivariogram'!$D$5-'Olah Semivariogram'!D8)^2+('Olah Semivariogram'!$E$5-'Olah Semivariogram'!E8)^2) -> 0.65513357 | L7: =SQRT(('Olah Semivariogram'!$D$6-'Olah Semivariogram'!D8)^2+('Olah Semivariogram'!$E$6-'Olah Semivariogram'!E8)^2) -> 0.71512237 | M7: =SQRT(('Olah Semivariogram'!$D$7-'Olah Semivariogram'!D8)^2+('Olah Semivariogram'!$E$7-'Olah Semivariogram'!E8)^2) -> 1.0632027 | N7: =SQRT(('Olah Semivariogram'!$D$8-'Olah Semivariogram'!D8)^2+('Olah Semivariogram'!$E$8-'Olah Semivariogram'!E8)^2) -> 0 | O7: =SQRT(('Olah Semivariogram'!$D$9-'Olah Semivariogram'!D8)^2+('Olah Semivariogram'!$E$9-'Olah Semivariogram'!E8)^2) -> 0.94031909 | P7: =SQRT(('Olah Semivariogram'!$D$10-'Olah Semivariogram'!D8)^2+('Olah Semivariogram'!$E$10-'Olah Semivariogram'!E8)^2) -> 0.02236068 | Q7: =SQRT(('Olah Semivariogram'!$D$11-'Olah Semivariogram'!D8)^2+('Olah Semivariogram'!$E$11-'Olah Semivariogram'!E8)^2) -> 0.7823682 | R7: =SQRT(('Olah Semivariogram'!$D$12-'Olah Semivariogram'!D8)^2+('Olah Semivariogram'!$E$12-'Olah Semivariogram'!E8)^2) -> 0.75239617 | S7: =SQRT(('Olah Semivariogram'!$D$13-'Olah Semivariogram'!D8)^2+('Olah Semivariogram'!$E$13-'Olah Semivariogram'!E8)^2) -> 0.72520894 | T7: =SQRT(('Olah Semivariogram'!$D$14-'Olah Semivariogram'!D8)^2+('Olah Semivariogram'!$E$14-'Olah Semivariogram'!E8)^2) -> 0.58821765 | U7: =SQRT((D8-$D$15)^2+(E8-$E$15)^2) -> 0.83486526 | W7: 3.2 | X7: 3.2 | Y7: 0 | Z7: =(W7-X7)^2 -> 0 | AA7: =Z7/20 -> 0 | AC7: 4 | AD7: =COUNT(W22:W31) -> 10 | AE7: =SUM(Z22:Z31) -> 12.34 | AF7: =MEDIAN(AG7,AH7) -> 0.35989196 | AG7: 0.29990997 | AH7: 0.41987395 | AI7: =AE7/(2*AD7) -> 0.617 | AK7: =$AI$19*(1.5*(AF7/$AI$20)-0.5*(AF7/$AI$20)^3) -> 0.40690561 | AL7: =$AI$19*(1-EXP(-(AF7/$AI$20))) -> 0.24125973 | AM7: =$AI$19*(1-EXP(-((AF7)^2/($AI$20)^2))) -> 0.21809074 | AN7: =(AK7-AI7)^2 -> 0.044139652 | AO7: =(AL7-AI7)^2 -> 0.14118075 | AP7: =(AM7-AI7)^2 -> 0.1591286 | AR7: 4 | AS7: =IF(K7=0,0,IF(K7<=$N$22,$AK$19*(1.5*($K$22/$AK$20)-0.5*($K$22/$AK$20)^3),IF(K7<=$N$23,$AK$19*(1.5*($K$23/$AK$20)-0.5*($K$23/$AK$20)^3),IF(K7<=$N$24,$AK$19*(1.5*($K$24/$AK$20)-0.5*($K$24/$AK$20)^3),IF(K7<=$K$25,$AK$19*(1.5*($K$25/$AK$20)-0.5*($K$25/$AK$20)^3), $AK$19))))) -> 0.419125 | AT7: =IF(L7=0,0,IF(L7<=$N$22,$AK$19*(1.5*($K$22/$AK$20)-0.5*($K$22/$AK$20)^3),IF(L7<=$N$23,$AK$19*(1.5*($K$23/$AK$20)-0.5*($K$23/$AK$20)^3),IF(L7<=$N$24,$AK$19*(1.5*($K$24/$AK$20)-0.5*($K$24/$AK$20)^3),IF(L7<=$K$25,$AK$19*(1.5*($K$25/$AK$20)-0.5*($K$25/$AK$20)^3), $AK$19))))) -> 0.419125 | AU7: =IF(M7=0,0,IF(M7<=$N$22,$AK$19*(1.5*($K$22/$AK$20)-0.5*($K$22/$AK$20)^3),IF(M7<=$N$23,$AK$19*(1.5*($K$23/$AK$20)-0.5*($K$23/$AK$20)^3),IF(M7<=$N$24,$AK$19*(1.5*($K$24/$AK$20)-0.5*($K$24/$AK$20)^3),IF(M7<=$K$25,$AK$19*(1.5*($K$25/$AK$20)-0.5*($K$25/$AK$20)^3), $AK$19))))) -> 0.419125 | AV7: =IF(N7=0,0,IF(N7<=$N$22,$AK$19*(1.5*($K$22/$AK$20)-0.5*($K$22/$AK$20)^3),IF(N7<=$N$23,$AK$19*(1.5*($K$23/$AK$20)-0.5*($K$23/$AK$20)^3),IF(N7<=$N$24,$AK$19*(1.5*($K$24/$AK$20)-0.5*($K$24/$AK$20)^3),IF(N7<=$K$25,$AK$19*(1.5*($K$25/$AK$20)-0.5*($K$25/$AK$20)^3), $AK$19))))) -> 0 | AW7: =IF(O7=0,0,IF(O7<=$N$22,$AK$19*(1.5*($K$22/$AK$20)-0.5*($K$22/$AK$20)^3),IF(O7<=$N$23,$AK$19*(1.5*($K$23/$AK$20)-0.5*($K$23/$AK$20)^3),IF(O7<=$N$24,$AK$19*(1.5*($K$24/$AK$20)-0.5*($K$24/$AK$20)^3),IF(O7<=$K$25,$AK$19*(1.5*($K$25/$AK$20)-0.5*($K$25/$AK$20)^3), $AK$19))))) -> 0.419125 | AX7: =IF(P7=0,0,IF(P7<=$N$22,$AK$19*(1.5*($K$22/$AK$20)-0.5*($K$22/$AK$20)^3),IF(P7<=$N$23,$AK$19*(1.5*($K$23/$AK$20)-0.5*($K$23/$AK$20)^3),IF(P7<=$N$24,$AK$19*(1.5*($K$24/$AK$20)-0.5*($K$24/$AK$20)^3),IF(P7<=$K$25,$AK$19*(1.5*($K$25/$AK$20)-0.5*($K$25/$AK$20)^3), $AK$19))))) -> 0.15389746 | AY7: =IF(Q7=0,0,IF(Q7<=$N$22,$AK$19*(1.5*($K$22/$AK$20)-0.5*($K$22/$AK$20)^3),IF(Q7<=$N$23,$AK$19*(1.5*($K$23/$AK$20)-0.5*($K$23/$AK$20)^3),IF(Q7<=$N$24,$AK$19*(1.5*($K$24/$AK$20)-0.5*($K$24/$AK$20)^3),IF(Q7<=$K$25,$AK$19*(1.5*($K$25/$AK$20)-0.5*($K$25/$AK$20)^3), $AK$19))))) -> 0.419125 | AZ7: =IF(R7=0,0,IF(R7<=$N$22,$AK$19*(1.5*($K$22/$AK$20)-0.5*($K$22/$AK$20)^3),IF(R7<=$N$23,$AK$19*(1.5*($K$23/$AK$20)-0.5*($K$23/$AK$20)^3),IF(R7<=$N$24,$AK$19*(1.5*($K$24/$AK$20)-0.5*($K$24/$AK$20)^3),IF(R7<=$K$25,$AK$19*(1.5*($K$25/$AK$20)-0.5*($K$25/$AK$20)^3), $AK$19))))) -> 0.419125 | ... BB7: =IF(T7=0,0,IF(T7<=$N$22,$AK$19*(1.5*($K$22/$AK$20)-0.5*($K$22/$AK$20)^3),IF(T7<=$N$23,$AK$19*(1.5*($K$23/$AK$20)-0.5*($K$23/$AK$20)^3),IF(T7<=$N$24,$AK$19*(1.5*($K$24/$AK$20)-0.5*($K$24/$AK$20)^3),IF(T7<=$K$25,$AK$19*(1.5*($K$25/$AK$20)-0.5*($K$25/$AK$20)^3), $AK$19))))) -> 0.419125 | BD7: 4 | BE7: =IF(U7=0,0,IF(U7<=$N$22,$AK$19*(1.5*($K$22/$AK$20)-0.5*($K$22/$AK$20)^3),IF(U7<=$N$23,$AK$19*(1.5*($K$23/$AK$20)-0.5*($K$23/$AK$20)^3),IF(U7<=$N$24,$AK$19*(1.5*($K$24/$AK$20)-0.5*($K$24/$AK$20)^3),IF(U7<=$K$25,$AK$19*(1.5*($K$25/$AK$20)-0.5*($K$25/$AK$20)^3), $AK$19))))) -> 0.419125 | BH7: 5 | BI7: 0.0556 | BJ7: =BI7*G9 -> 0.12232 | BK7: =BI7*(G9-$N$15) -> -0.0556
A8: 4 | B8: 44215 | C8: 0.6603588 | D8: -7.81 | E8: 107.27 | F8: 30 | G8: 3.2 | I8: 2.2 | J8: 5 | K8: =SQRT(('Olah Semivariogram'!$D$5-'Olah Semivariogram'!D9)^2+('Olah Semivariogram'!$E$5-'Olah Semivariogram'!E9)^2) -> 0.45276926 | L8: =SQRT(('Olah Semivariogram'!$D$6-'Olah Semivariogram'!D9)^2+('Olah Semivariogram'!$E$6-'Olah Semivariogram'!E9)^2) -> 0.28635642 | M8: =SQRT(('Olah Semivariogram'!$D$7-'Olah Semivariogram'!D9)^2+('Olah Semivariogram'!$E$7-'Olah Semivariogram'!E9)^2) -> 0.31144823 | N8: =SQRT(('Olah Semivariogram'!$D$8-'Olah Semivariogram'!D9)^2+('Olah Semivariogram'!$E$8-'Olah Semivariogram'!E9)^2) -> 0.94031909 | O8: =SQRT(('Olah Semivariogram'!$D$9-'Olah Semivariogram'!D9)^2+('Olah Semivariogram'!$E$9-'Olah Semivariogram'!E9)^2) -> 0 | P8: =SQRT(('Olah Semivariogram'!$D$10-'Olah Semivariogram'!D9)^2+('Olah Semivariogram'!$E$10-'Olah Semivariogram'!E9)^2) -> 0.95189285 | Q8: =SQRT(('Olah Semivariogram'!$D$11-'Olah Semivariogram'!D9)^2+('Olah Semivariogram'!$E$11-'Olah Semivariogram'!E9)^2) -> 0.36400549 | R8: =SQRT(('Olah Semivariogram'!$D$12-'Olah Semivariogram'!D9)^2+('Olah Semivariogram'!$E$12-'Olah Semivariogram'!E9)^2) -> 0.76843998 | S8: =SQRT(('Olah Semivariogram'!$D$13-'Olah Semivariogram'!D9)^2+('Olah Semivariogram'!$E$13-'Olah Semivariogram'!E9)^2) -> 0.35850802 | T8: =SQRT(('Olah Semivariogram'!$D$14-'Olah Semivariogram'!D9)^2+('Olah Semivariogram'!$E$14-'Olah Semivariogram'!E9)^2) -> 0.45099889 | U8: =SQRT((D9-$D$15)^2+(E9-$E$15)^2) -> 0.3671512 | W8: 2.2 | X8: 2.2 | Y8: 0 | Z8: =(W8-X8)^2 -> 0 | AA8: =Z8/20 -> 0 | AC8: 5 | AD8: =COUNT(W32:W35) -> 4 | AE8: =SUM(Z32:Z35) -> 1.77 | AF8: =MEDIAN(AG8,AH8) -> 0.47985595 | AG8: 0.41987395 | AH8: 0.53983794 | AI8: =AE8/(2*AD8) -> 0.22125 | AK8: =$AI$19 -> 0.419125 | AL8: =$AI$19*(1-EXP(-(AF8/$AI$20))) -> 0.28546329 | AM8: =$AI$19*(1-EXP(-((AF8)^2/($AI$20)^2))) -> 0.30559731 | AN8: =(AK8-AI8)^2 -> 0.039154516 | AO8: =(AL8-AI8)^2 -> 0.0041233465 | AP8: =(AM8-AI8)^2 -> 0.007114469 | AR8: 5 | AS8: =IF(K8=0,0,IF(K8<=$N$22,$AK$19*(1.5*($K$22/$AK$20)-0.5*($K$22/$AK$20)^3),IF(K8<=$N$23,$AK$19*(1.5*($K$23/$AK$20)-0.5*($K$23/$AK$20)^3),IF(K8<=$N$24,$AK$19*(1.5*($K$24/$AK$20)-0.5*($K$24/$AK$20)^3),IF(K8<=$K$25,$AK$19*(1.5*($K$25/$AK$20)-0.5*($K$25/$AK$20)^3), $AK$19))))) -> 0.419125 | AT8: =IF(L8=0,0,IF(L8<=$N$22,$AK$19*(1.5*($K$22/$AK$20)-0.5*($K$22/$AK$20)^3),IF(L8<=$N$23,$AK$19*(1.5*($K$23/$AK$20)-0.5*($K$23/$AK$20)^3),IF(L8<=$N$24,$AK$19*(1.5*($K$24/$AK$20)-0.5*($K$24/$AK$20)^3),IF(L8<=$K$25,$AK$19*(1.5*($K$25/$AK$20)-0.5*($K$25/$AK$20)^3), $AK$19))))) -> 0.28814844 | AU8: =IF(M8=0,0,IF(M8<=$N$22,$AK$19*(1.5*($K$22/$AK$20)-0.5*($K$22/$AK$20)^3),IF(M8<=$N$23,$AK$19*(1.5*($K$23/$AK$20)-0.5*($K$23/$AK$20)^3),IF(M8<=$N$24,$AK$19*(1.5*($K$24/$AK$20)-0.5*($K$24/$AK$20)^3),IF(M8<=$K$25,$AK$19*(1.5*($K$25/$AK$20)-0.5*($K$25/$AK$20)^3), $AK$19))))) -> 0.38310645 | AV8: =IF(N8=0,0,IF(N8<=$N$22,$AK$19*(1.5*($K$22/$AK$20)-0.5*($K$22/$AK$20)^3),IF(N8<=$N$23,$AK$19*(1.5*($K$23/$AK$20)-0.5*($K$23/$AK$20)^3),IF(N8<=$N$24,$AK$19*(1.5*($K$24/$AK$20)-0.5*($K$24/$AK$20)^3),IF(N8<=$K$25,$AK$19*(1.5*($K$25/$AK$20)-0.5*($K$25/$AK$20)^3), $AK$19))))) -> 0.419125 | AW8: =IF(O8=0,0,IF(O8<=$N$22,$AK$19*(1.5*($K$22/$AK$20)-0.5*($K$22/$AK$20)^3),IF(O8<=$N$23,$AK$19*(1.5*($K$23/$AK$20)-0.5*($K$23/$AK$20)^3),IF(O8<=$N$24,$AK$19*(1.5*($K$24/$AK$20)-0.5*($K$24/$AK$20)^3),IF(O8<=$K$25,$AK$19*(1.5*($K$25/$AK$20)-0.5*($K$25/$AK$20)^3), $AK$19))))) -> 0 | AX8: =IF(P8=0,0,IF(P8<=$N$22,$AK$19*(1.5*($K$22/$AK$20)-0.5*($K$22/$AK$20)^3),IF(P8<=$N$23,$AK$19*(1.5*($K$23/$AK$20)-0.5*($K$23/$AK$20)^3),IF(P8<=$N$24,$AK$19*(1.5*($K$24/$AK$20)-0.5*($K$24/$AK$20)^3),IF(P8<=$K$25,$AK$19*(1.5*($K$25/$AK$20)-0.5*($K$25/$AK$20)^3), $AK$19))))) -> 0.419125 | AY8: =IF(Q8=0,0,IF(Q8<=$N$22,$AK$19*(1.5*($K$22/$AK$20)-0.5*($K$22/$AK$20)^3),IF(Q8<=$N$23,$AK$19*(1.5*($K$23/$AK$20)-0.5*($K$23/$AK$20)^3),IF(Q8<=$N$24,$AK$19*(1.5*($K$24/$AK$20)-0.5*($K$24/$AK$20)^3),IF(Q8<=$K$25,$AK$19*(1.5*($K$25/$AK$20)-0.5*($K$25/$AK$20)^3), $AK$19))))) -> 0.38310645 | AZ8: =IF(R8=0,0,IF(R8<=$N$22,$AK$19*(1.5*($K$22/$AK$20)-0.5*($K$22/$AK$20)^3),IF(R8<=$N$23,$AK$19*(1.5*($K$23/$AK$20)-0.5*($K$23/$AK$20)^3),IF(R8<=$N$24,$AK$19*(1.5*($K$24/$AK$20)-0.5*($K$24/$AK$20)^3),IF(R8<=$K$25,$AK$19*(1.5*($K$25/$AK$20)-0.5*($K$25/$AK$20)^3), $AK$19))))) -> 0.419125 | ... BB8: =IF(T8=0,0,IF(T8<=$N$22,$AK$19*(1.5*($K$22/$AK$20)-0.5*($K$22/$AK$20)^3),IF(T8<=$N$23,$AK$19*(1.5*($K$23/$AK$20)-0.5*($K$23/$AK$20)^3),IF(T8<=$N$24,$AK$19*(1.5*($K$24/$AK$20)-0.5*($K$24/$AK$20)^3),IF(T8<=$K$25,$AK$19*(1.5*($K$25/$AK$20)-0.5*($K$25/$AK$20)^3), $AK$19))))) -> 0.419125 | BD8: 5 | BE8: =IF(U8=0,0,IF(U8<=$N$22,$AK$19*(1.5*($K$22/$AK$20)-0.5*($K$22/$AK$20)^3),IF(U8<=$N$23,$AK$19*(1.5*($K$23/$AK$20)-0.5*($K$23/$AK$20)^3),IF(U8<=$N$24,$AK$19*(1.5*($K$24/$AK$20)-0.5*($K$24/$AK$20)^3),IF(U8<=$K$25,$AK$19*(1.5*($K$25/$AK$20)-0.5*($K$25/$AK$20)^3), $AK$19))))) -> 0.38310645 | BH8: 6 | BI8: 0.0381 | BJ8: =BI8*G10 -> 0.13716 | BK8: =BI8*(G10-$N$15) -> 0.01524
A9: 5 | B9: 44215 | C9: 0.67125 | D9: -7.02 | E9: 106.76 | F9: 10 | G9: 2.2 | I9: 3.6 | J9: 6 | K9: =SQRT(('Olah Semivariogram'!$D$5-'Olah Semivariogram'!D10)^2+('Olah Semivariogram'!$E$5-'Olah Semivariogram'!E10)^2) -> 0.65734314 | L9: =SQRT(('Olah Semivariogram'!$D$6-'Olah Semivariogram'!D10)^2+('Olah Semivariogram'!$E$6-'Olah Semivariogram'!E10)^2) -> 0.73054774 | M9: =SQRT(('Olah Semivariogram'!$D$7-'Olah Semivariogram'!D10)^2+('Olah Semivariogram'!$E$7-'Olah Semivariogram'!E10)^2) -> 1.0796759 | N9: =SQRT(('Olah Semivariogram'!$D$8-'Olah Semivariogram'!D10)^2+('Olah Semivariogram'!$E$8-'Olah Semivariogram'!E10)^2) -> 0.02236068 | O9: =SQRT(('Olah Semivariogram'!$D$9-'Olah Semivariogram'!D10)^2+('Olah Semivariogram'!$E$9-'Olah Semivariogram'!E10)^2) -> 0.95189285 | P9: =SQRT(('Olah Semivariogram'!$D$10-'Olah Semivariogram'!D10)^2+('Olah Semivariogram'!$E$10-'Olah Semivariogram'!E10)^2) -> 0 | Q9: =SQRT(('Olah Semivariogram'!$D$11-'Olah Semivariogram'!D10)^2+('Olah Semivariogram'!$E$11-'Olah Semivariogram'!E10)^2) -> 0.78600254 | R9: =SQRT(('Olah Semivariogram'!$D$12-'Olah Semivariogram'!D10)^2+('Olah Semivariogram'!$E$12-'Olah Semivariogram'!E10)^2) -> 0.74431176 | S9: =SQRT(('Olah Semivariogram'!$D$13-'Olah Semivariogram'!D10)^2+('Olah Semivariogram'!$E$13-'Olah Semivariogram'!E10)^2) -> 0.72964923 | T9: =SQRT(('Olah Semivariogram'!$D$14-'Olah Semivariogram'!D10)^2+('Olah Semivariogram'!$E$14-'Olah Semivariogram'!E10)^2) -> 0.5920304 | U9: =SQRT((D10-$D$15)^2+(E10-$E$15)^2) -> 0.83815273 | W9: 3.6 | X9: 3.6 | Y9: 0 | Z9: =(W9-X9)^2 -> 0 | AA9: =Z9/20 -> 0 | AC9: 6 | AD9: =COUNT(W36:W40) -> 5 | AE9: =SUM(Z36:Z40) -> 2.65 | AF9: =MEDIAN(AG9,AH9) -> 0.59981993 | AG9: 0.53983794 | AH9: 0.65980193 | AI9: =AE9/(2*AD9) -> 0.265 | AK9: =$AI$19 -> 0.419125 | AL9: =$AI$19*(1-EXP(-(AF9/$AI$20))) -> 0.31868126 | AM9: =$AI$19*(1-EXP(-((AF9)^2/($AI$20)^2))) -> 0.36467119 | AN9: =(AK9-AI9)^2 -> 0.023754516 | AO9: =(AL9-AI9)^2 -> 0.0028816776 | AP9: =(AM9-AI9)^2 -> 0.0099343455 | AR9: 6 | AS9: =IF(K9=0,0,IF(K9<=$N$22,$AK$19*(1.5*($K$22/$AK$20)-0.5*($K$22/$AK$20)^3),IF(K9<=$N$23,$AK$19*(1.5*($K$23/$AK$20)-0.5*($K$23/$AK$20)^3),IF(K9<=$N$24,$AK$19*(1.5*($K$24/$AK$20)-0.5*($K$24/$AK$20)^3),IF(K9<=$K$25,$AK$19*(1.5*($K$25/$AK$20)-0.5*($K$25/$AK$20)^3), $AK$19))))) -> 0.419125 | AT9: =IF(L9=0,0,IF(L9<=$N$22,$AK$19*(1.5*($K$22/$AK$20)-0.5*($K$22/$AK$20)^3),IF(L9<=$N$23,$AK$19*(1.5*($K$23/$AK$20)-0.5*($K$23/$AK$20)^3),IF(L9<=$N$24,$AK$19*(1.5*($K$24/$AK$20)-0.5*($K$24/$AK$20)^3),IF(L9<=$K$25,$AK$19*(1.5*($K$25/$AK$20)-0.5*($K$25/$AK$20)^3), $AK$19))))) -> 0.419125 | AU9: =IF(M9=0,0,IF(M9<=$N$22,$AK$19*(1.5*($K$22/$AK$20)-0.5*($K$22/$AK$20)^3),IF(M9<=$N$23,$AK$19*(1.5*($K$23/$AK$20)-0.5*($K$23/$AK$20)^3),IF(M9<=$N$24,$AK$19*(1.5*($K$24/$AK$20)-0.5*($K$24/$AK$20)^3),IF(M9<=$K$25,$AK$19*(1.5*($K$25/$AK$20)-0.5*($K$25/$AK$20)^3), $AK$19))))) -> 0.419125 | AV9: =IF(N9=0,0,IF(N9<=$N$22,$AK$19*(1.5*($K$22/$AK$20)-0.5*($K$22/$AK$20)^3),IF(N9<=$N$23,$AK$19*(1.5*($K$23/$AK$20)-0.5*($K$23/$AK$20)^3),IF(N9<=$N$24,$AK$19*(1.5*($K$24/$AK$20)-0.5*($K$24/$AK$20)^3),IF(N9<=$K$25,$AK$19*(1.5*($K$25/$AK$20)-0.5*($K$25/$AK$20)^3), $AK$19))))) -> 0.15389746 | AW9: =IF(O9=0,0,IF(O9<=$N$22,$AK$19*(1.5*($K$22/$AK$20)-0.5*($K$22/$AK$20)^3),IF(O9<=$N$23,$AK$19*(1.5*($K$23/$AK$20)-0.5*($K$23/$AK$20)^3),IF(O9<=$N$24,$AK$19*(1.5*($K$24/$AK$20)-0.5*($K$24/$AK$20)^3),IF(O9<=$K$25,$AK$19*(1.5*($K$25/$AK$20)-0.5*($K$25/$AK$20)^3), $AK$19))))) -> 0.419125 | AX9: =IF(P9=0,0,IF(P9<=$N$22,$AK$19*(1.5*($K$22/$AK$20)-0.5*($K$22/$AK$20)^3),IF(P9<=$N$23,$AK$19*(1.5*($K$23/$AK$20)-0.5*($K$23/$AK$20)^3),IF(P9<=$N$24,$AK$19*(1.5*($K$24/$AK$20)-0.5*($K$24/$AK$20)^3),IF(P9<=$K$25,$AK$19*(1.5*($K$25/$AK$20)-0.5*($K$25/$AK$20)^3), $AK$19))))) -> 0 | AY9: =IF(Q9=0,0,IF(Q9<=$N$22,$AK$19*(1.5*($K$22/$AK$20)-0.5*($K$22/$AK$20)^3),IF(Q9<=$N$23,$AK$19*(1.5*($K$23/$AK$20)-0.5*($K$23/$AK$20)^3),IF(Q9<=$N$24,$AK$19*(1.5*($K$24/$AK$20)-0.5*($K$24/$AK$20)^3),IF(Q9<=$K$25,$AK$19*(1.5*($K$25/$AK$20)-0.5*($K$25/$AK$20)^3), $AK$19))))) -> 0.419125 | AZ9: =IF(R9=0,0,IF(R9<=$N$22,$AK$19*(1.5*($K$22/$AK$20)-0.5*($K$22/$AK$20)^3),IF(R9<=$N$23,$AK$19*(1.5*($K$23/$AK$20)-0.5*($K$23/$AK$20)^3),IF(R9<=$N$24,$AK$19*(1.5*($K$24/$AK$20)-0.5*($K$24/$AK$20)^3),IF(R9<=$K$25,$AK$19*(1.5*($K$25/$AK$20)-0.5*($K$25/$AK$20)^3), $AK$19))))) -> 0.419125 | ... BB9: =IF(T9=0,0,IF(T9<=$N$22,$AK$19*(1.5*($K$22/$AK$20)-0.5*($K$22/$AK$20)^3),IF(T9<=$N$23,$AK$19*(1.5*($K$23/$AK$20)-0.5*($K$23/$AK$20)^3),IF(T9<=$N$24,$AK$19*(1.5*($K$24/$AK$20)-0.5*($K$24/$AK$20)^3),IF(T9<=$K$25,$AK$19*(1.5*($K$25/$AK$20)-0.5*($K$25/$AK$20)^3), $AK$19))))) -> 0.419125 | BD9: 6 | BE9: =IF(U9=0,0,IF(U9<=$N$22,$AK$19*(1.5*($K$22/$AK$20)-0.5*($K$22/$AK$20)^3),IF(U9<=$N$23,$AK$19*(1.5*($K$23/$AK$20)-0.5*($K$23/$AK$20)^3),IF(U9<=$N$24,$AK$19*(1.5*($K$24/$AK$20)-0.5*($K$24/$AK$20)^3),IF(U9<=$K$25,$AK$19*(1.5*($K$25/$AK$20)-0.5*($K$25/$AK$20)^3), $AK$19))))) -> 0.419125 | BH9: 7 | BI9: 0.5857 | BJ9: =BI9*G11 -> 1.81567 | BK9: =BI9*(G11-$N$15) -> -0.05857
A10: 6 | B10: 44216 | C10: 0.88252315 | D10: -7.83 | E10: 107.26 | F10: 27 | G10: 3.6 | I10: 3.1 | J10: 7 | K10: =SQRT(('Olah Semivariogram'!$D$5-'Olah Semivariogram'!D11)^2+('Olah Semivariogram'!$E$5-'Olah Semivariogram'!E11)^2) -> 0.13601471 | L10: =SQRT(('Olah Semivariogram'!$D$6-'Olah Semivariogram'!D11)^2+('Olah Semivariogram'!$E$6-'Olah Semivariogram'!E11)^2) -> 0.44777226 | M10: =SQRT(('Olah Semivariogram'!$D$7-'Olah Semivariogram'!D11)^2+('Olah Semivariogram'!$E$7-'Olah Semivariogram'!E11)^2) -> 0.66370174 | N10: =SQRT(('Olah Semivariogram'!$D$8-'Olah Semivariogram'!D11)^2+('Olah Semivariogram'!$E$8-'Olah Semivariogram'!E11)^2) -> 0.7823682 | O10: =SQRT(('Olah Semivariogram'!$D$9-'Olah Semivariogram'!D11)^2+('Olah Semivariogram'!$E$9-'Olah Semivariogram'!E11)^2) -> 0.36400549 | P10: =SQRT(('Olah Semivariogram'!$D$10-'Olah Semivariogram'!D11)^2+('Olah Semivariogram'!$E$10-'Olah Semivariogram'!E11)^2) -> 0.78600254 | Q10: =SQRT(('Olah Semivariogram'!$D$11-'Olah Semivariogram'!D11)^2+('Olah Semivariogram'!$E$11-'Olah Semivariogram'!E11)^2) -> 0 | R10: =SQRT(('Olah Semivariogram'!$D$12-'Olah Semivariogram'!D11)^2+('Olah Semivariogram'!$E$12-'Olah Semivariogram'!E11)^2) -> 0.40521599 | S10: =SQRT(('Olah Semivariogram'!$D$13-'Olah Semivariogram'!D11)^2+('Olah Semivariogram'!$E$13-'Olah Semivariogram'!E11)^2) -> 0.063150614 | T10: =SQRT(('Olah Semivariogram'!$D$14-'Olah Semivariogram'!D11)^2+('Olah Semivariogram'!$E$14-'Olah Semivariogram'!E11)^2) -> 0.19416488 | U10: =SQRT((D11-$D$15)^2+(E11-$E$15)^2) -> 0.053851648 | W10: 3.1 | X10: 3.1 | Y10: 0 | Z10: =(W10-X10)^2 -> 0 | AA10: =Z10/20 -> 0 | AC10: 7 | AD10: =COUNT(W41:W50) -> 10 | AE10: =SUM(Z41:Z50) -> 5.52 | AF10: =MEDIAN(AG10,AH10) -> 0.71978392 | AG10: 0.65980193 | AH10: 0.77976591 | AI10: =AE10/(2*AD10) -> 0.276 | AK10: =$AI$19 -> 0.419125 | AL10: =$AI$19*(1-EXP(-(AF10/$AI$20))) -> 0.34364381 | AM10: =$AI$19*(1-EXP(-((AF10)^2/($AI$20)^2))) -> 0.3969405 | AN10: =(AK10-AI10)^2 -> 0.020484766 | AO10: =(AL10-AI10)^2 -> 0.004575685 | AP10: =(AM10-AI10)^2 -> 0.014626605 | AR10: 7 | AS10: =IF(K10=0,0,IF(K10<=$N$22,$AK$19*(1.5*($K$22/$AK$20)-0.5*($K$22/$AK$20)^3),IF(K10<=$N$23,$AK$19*(1.5*($K$23/$AK$20)-0.5*($K$23/$AK$20)^3),IF(K10<=$N$24,$AK$19*(1.5*($K$24/$AK$20)-0.5*($K$24/$AK$20)^3),IF(K10<=$K$25,$AK$19*(1.5*($K$25/$AK$20)-0.5*($K$25/$AK$20)^3), $AK$19))))) -> 0.15389746 | AT10: =IF(L10=0,0,IF(L10<=$N$22,$AK$19*(1.5*($K$22/$AK$20)-0.5*($K$22/$AK$20)^3),IF(L10<=$N$23,$AK$19*(1.5*($K$23/$AK$20)-0.5*($K$23/$AK$20)^3),IF(L10<=$N$24,$AK$19*(1.5*($K$24/$AK$20)-0.5*($K$24/$AK$20)^3),IF(L10<=$K$25,$AK$19*(1.5*($K$25/$AK$20)-0.5*($K$25/$AK$20)^3), $AK$19))))) -> 0.419125 | AU10: =IF(M10=0,0,IF(M10<=$N$22,$AK$19*(1.5*($K$22/$AK$20)-0.5*($K$22/$AK$20)^3),IF(M10<=$N$23,$AK$19*(1.5*($K$23/$AK$20)-0.5*($K$23/$AK$20)^3),IF(M10<=$N$24,$AK$19*(1.5*($K$24/$AK$20)-0.5*($K$24/$AK$20)^3),IF(M10<=$K$25,$AK$19*(1.5*($K$25/$AK$20)-0.5*($K$25/$AK$20)^3), $AK$19))))) -> 0.419125 | AV10: =IF(N10=0,0,IF(N10<=$N$22,$AK$19*(1.5*($K$22/$AK$20)-0.5*($K$22/$AK$20)^3),IF(N10<=$N$23,$AK$19*(1.5*($K$23/$AK$20)-0.5*($K$23/$AK$20)^3),IF(N10<=$N$24,$AK$19*(1.5*($K$24/$AK$20)-0.5*($K$24/$AK$20)^3),IF(N10<=$K$25,$AK$19*(1.5*($K$25/$AK$20)-0.5*($K$25/$AK$20)^3), $AK$19))))) -> 0.419125 | AW10: =IF(O10=0,0,IF(O10<=$N$22,$AK$19*(1.5*($K$22/$AK$20)-0.5*($K$22/$AK$20)^3),IF(O10<=$N$23,$AK$19*(1.5*($K$23/$AK$20)-0.5*($K$23/$AK$20)^3),IF(O10<=$N$24,$AK$19*(1.5*($K$24/$AK$20)-0.5*($K$24/$AK$20)^3),IF(O10<=$K$25,$AK$19*(1.5*($K$25/$AK$20)-0.5*($K$25/$AK$20)^3), $AK$19))))) -> 0.38310645 | AX10: =IF(P10=0,0,IF(P10<=$N$22,$AK$19*(1.5*($K$22/$AK$20)-0.5*($K$22/$AK$20)^3),IF(P10<=$N$23,$AK$19*(1.5*($K$23/$AK$20)-0.5*($K$23/$AK$20)^3),IF(P10<=$N$24,$AK$19*(1.5*($K$24/$AK$20)-0.5*($K$24/$AK$20)^3),IF(P10<=$K$25,$AK$19*(1.5*($K$25/$AK$20)-0.5*($K$25/$AK$20)^3), $AK$19))))) -> 0.419125 | AY10: =IF(Q10=0,0,IF(Q10<=$N$22,$AK$19*(1.5*($K$22/$AK$20)-0.5*($K$22/$AK$20)^3),IF(Q10<=$N$23,$AK$19*(1.5*($K$23/$AK$20)-0.5*($K$23/$AK$20)^3),IF(Q10<=$N$24,$AK$19*(1.5*($K$24/$AK$20)-0.5*($K$24/$AK$20)^3),IF(Q10<=$K$25,$AK$19*(1.5*($K$25/$AK$20)-0.5*($K$25/$AK$20)^3), $AK$19))))) -> 0 | AZ10: =IF(R10=0,0,IF(R10<=$N$22,$AK$19*(1.5*($K$22/$AK$20)-0.5*($K$22/$AK$20)^3),IF(R10<=$N$23,$AK$19*(1.5*($K$23/$AK$20)-0.5*($K$23/$AK$20)^3),IF(R10<=$N$24,$AK$19*(1.5*($K$24/$AK$20)-0.5*($K$24/$AK$20)^3),IF(R10<=$K$25,$AK$19*(1.5*($K$25/$AK$20)-0.5*($K$25/$AK$20)^3), $AK$19))))) -> 0.38310645 | ... BB10: =IF(T10=0,0,IF(T10<=$N$22,$AK$19*(1.5*($K$22/$AK$20)-0.5*($K$22/$AK$20)^3),IF(T10<=$N$23,$AK$19*(1.5*($K$23/$AK$20)-0.5*($K$23/$AK$20)^3),IF(T10<=$N$24,$AK$19*(1.5*($K$24/$AK$20)-0.5*($K$24/$AK$20)^3),IF(T10<=$K$25,$AK$19*(1.5*($K$25/$AK$20)-0.5*($K$25/$AK$20)^3), $AK$19))))) -> 0.28814844 | BD10: 7 | BE10: =IF(U10=0,0,IF(U10<=$N$22,$AK$19*(1.5*($K$22/$AK$20)-0.5*($K$22/$AK$20)^3),IF(U10<=$N$23,$AK$19*(1.5*($K$23/$AK$20)-0.5*($K$23/$AK$20)^3),IF(U10<=$N$24,$AK$19*(1.5*($K$24/$AK$20)-0.5*($K$24/$AK$20)^3),IF(U10<=$K$25,$AK$19*(1.5*($K$25/$AK$20)-0.5*($K$25/$AK$20)^3), $AK$19))))) -> 0.15389746 | BH10: 8 | BI10: 0.079 | BJ10: =BI10*G12 -> 0.2765 | BK10: =BI10*(G12-$N$15) -> 0.0237
A11: 7 | B11: 44221 | C11: 0.65237269 | D11: -7.36 | E11: 106.63 | F11: 81 | G11: 3.1 | I11: 3.5 | J11: 8 | K11: =SQRT(('Olah Semivariogram'!$D$5-'Olah Semivariogram'!D12)^2+('Olah Semivariogram'!$E$5-'Olah Semivariogram'!E12)^2) -> 0.33837849 | L11: =SQRT(('Olah Semivariogram'!$D$6-'Olah Semivariogram'!D12)^2+('Olah Semivariogram'!$E$6-'Olah Semivariogram'!E12)^2) -> 0.78873316 | M11: =SQRT(('Olah Semivariogram'!$D$7-'Olah Semivariogram'!D12)^2+('Olah Semivariogram'!$E$7-'Olah Semivariogram'!E12)^2) -> 1.0602358 | N11: =SQRT(('Olah Semivariogram'!$D$8-'Olah Semivariogram'!D12)^2+('Olah Semivariogram'!$E$8-'Olah Semivariogram'!E12)^2) -> 0.75239617 | O11: =SQRT(('Olah Semivariogram'!$D$9-'Olah Semivariogram'!D12)^2+('Olah Semivariogram'!$E$9-'Olah Semivariogram'!E12)^2) -> 0.76843998 | P11: =SQRT(('Olah Semivariogram'!$D$10-'Olah Semivariogram'!D12)^2+('Olah Semivariogram'!$E$10-'Olah Semivariogram'!E12)^2) -> 0.74431176 | Q11: =SQRT(('Olah Semivariogram'!$D$11-'Olah Semivariogram'!D12)^2+('Olah Semivariogram'!$E$11-'Olah Semivariogram'!E12)^2) -> 0.40521599 | R11: =SQRT(('Olah Semivariogram'!$D$12-'Olah Semivariogram'!D12)^2+('Olah Semivariogram'!$E$12-'Olah Semivariogram'!E12)^2) -> 0 | S11: =SQRT(('Olah Semivariogram'!$D$13-'Olah Semivariogram'!D12)^2+('Olah Semivariogram'!$E$13-'Olah Semivariogram'!E12)^2) -> 0.41529267 | T11: =SQRT(('Olah Semivariogram'!$D$14-'Olah Semivariogram'!D12)^2+('Olah Semivariogram'!$E$14-'Olah Semivariogram'!E12)^2) -> 0.38897301 | U11: =SQRT((D12-$D$15)^2+(E12-$E$15)^2) -> 0.41436699 | W11: 3.5 | X11: 3.5 | Y11: 0 | Z11: =(W11-X11)^2 -> 0 | AA11: =Z11/20 -> 0 | AC11: 8 | AD11: =COUNT(W51:W53) -> 3 | AE11: =SUM(Z51:Z53) -> 0.9 | AF11: =MEDIAN(AG11,AH11) -> 0.8397479 | AG11: 0.77976591 | AH11: 0.8997299 | AI11: =AE11/(2*AD11) -> 0.15 | AK11: =$AI$19 -> 0.419125 | AL11: =$AI$19*(1-EXP(-(AF11/$AI$20))) -> 0.3624026 | AM11: =$AI$19*(1-EXP(-((AF11)^2/($AI$20)^2))) -> 0.41144846 | AN11: =(AK11-AI11)^2 -> 0.072428266 | AO11: =(AL11-AI11)^2 -> 0.045114864 | AP11: =(AM11-AI11)^2 -> 0.068355296 | AR11: 8 | AS11: =IF(K11=0,0,IF(K11<=$N$22,$AK$19*(1.5*($K$22/$AK$20)-0.5*($K$22/$AK$20)^3),IF(K11<=$N$23,$AK$19*(1.5*($K$23/$AK$20)-0.5*($K$23/$AK$20)^3),IF(K11<=$N$24,$AK$19*(1.5*($K$24/$AK$20)-0.5*($K$24/$AK$20)^3),IF(K11<=$K$25,$AK$19*(1.5*($K$25/$AK$20)-0.5*($K$25/$AK$20)^3), $AK$19))))) -> 0.38310645 | AT11: =IF(L11=0,0,IF(L11<=$N$22,$AK$19*(1.5*($K$22/$AK$20)-0.5*($K$22/$AK$20)^3),IF(L11<=$N$23,$AK$19*(1.5*($K$23/$AK$20)-0.5*($K$23/$AK$20)^3),IF(L11<=$N$24,$AK$19*(1.5*($K$24/$AK$20)-0.5*($K$24/$AK$20)^3),IF(L11<=$K$25,$AK$19*(1.5*($K$25/$AK$20)-0.5*($K$25/$AK$20)^3), $AK$19))))) -> 0.419125 | AU11: =IF(M11=0,0,IF(M11<=$N$22,$AK$19*(1.5*($K$22/$AK$20)-0.5*($K$22/$AK$20)^3),IF(M11<=$N$23,$AK$19*(1.5*($K$23/$AK$20)-0.5*($K$23/$AK$20)^3),IF(M11<=$N$24,$AK$19*(1.5*($K$24/$AK$20)-0.5*($K$24/$AK$20)^3),IF(M11<=$K$25,$AK$19*(1.5*($K$25/$AK$20)-0.5*($K$25/$AK$20)^3), $AK$19))))) -> 0.419125 | AV11: =IF(N11=0,0,IF(N11<=$N$22,$AK$19*(1.5*($K$22/$AK$20)-0.5*($K$22/$AK$20)^3),IF(N11<=$N$23,$AK$19*(1.5*($K$23/$AK$20)-0.5*($K$23/$AK$20)^3),IF(N11<=$N$24,$AK$19*(1.5*($K$24/$AK$20)-0.5*($K$24/$AK$20)^3),IF(N11<=$K$25,$AK$19*(1.5*($K$25/$AK$20)-0.5*($K$25/$AK$20)^3), $AK$19))))) -> 0.419125 | AW11: =IF(O11=0,0,IF(O11<=$N$22,$AK$19*(1.5*($K$22/$AK$20)-0.5*($K$22/$AK$20)^3),IF(O11<=$N$23,$AK$19*(1.5*($K$23/$AK$20)-0.5*($K$23/$AK$20)^3),IF(O11<=$N$24,$AK$19*(1.5*($K$24/$AK$20)-0.5*($K$24/$AK$20)^3),IF(O11<=$K$25,$AK$19*(1.5*($K$25/$AK$20)-0.5*($K$25/$AK$20)^3), $AK$19))))) -> 0.419125 | AX11: =IF(P11=0,0,IF(P11<=$N$22,$AK$19*(1.5*($K$22/$AK$20)-0.5*($K$22/$AK$20)^3),IF(P11<=$N$23,$AK$19*(1.5*($K$23/$AK$20)-0.5*($K$23/$AK$20)^3),IF(P11<=$N$24,$AK$19*(1.5*($K$24/$AK$20)-0.5*($K$24/$AK$20)^3),IF(P11<=$K$25,$AK$19*(1.5*($K$25/$AK$20)-0.5*($K$25/$AK$20)^3), $AK$19))))) -> 0.419125 | AY11: =IF(Q11=0,0,IF(Q11<=$N$22,$AK$19*(1.5*($K$22/$AK$20)-0.5*($K$22/$AK$20)^3),IF(Q11<=$N$23,$AK$19*(1.5*($K$23/$AK$20)-0.5*($K$23/$AK$20)^3),IF(Q11<=$N$24,$AK$19*(1.5*($K$24/$AK$20)-0.5*($K$24/$AK$20)^3),IF(Q11<=$K$25,$AK$19*(1.5*($K$25/$AK$20)-0.5*($K$25/$AK$20)^3), $AK$19))))) -> 0.38310645 | AZ11: =IF(R11=0,0,IF(R11<=$N$22,$AK$19*(1.5*($K$22/$AK$20)-0.5*($K$22/$AK$20)^3),IF(R11<=$N$23,$AK$19*(1.5*($K$23/$AK$20)-0.5*($K$23/$AK$20)^3),IF(R11<=$N$24,$AK$19*(1.5*($K$24/$AK$20)-0.5*($K$24/$AK$20)^3),IF(R11<=$K$25,$AK$19*(1.5*($K$25/$AK$20)-0.5*($K$25/$AK$20)^3), $AK$19))))) -> 0 | ... BB11: =IF(T11=0,0,IF(T11<=$N$22,$AK$19*(1.5*($K$22/$AK$20)-0.5*($K$22/$AK$20)^3),IF(T11<=$N$23,$AK$19*(1.5*($K$23/$AK$20)-0.5*($K$23/$AK$20)^3),IF(T11<=$N$24,$AK$19*(1.5*($K$24/$AK$20)-0.5*($K$24/$AK$20)^3),IF(T11<=$K$25,$AK$19*(1.5*($K$25/$AK$20)-0.5*($K$25/$AK$20)^3), $AK$19))))) -> 0.38310645 | BD11: 8 | BE11: =IF(U11=0,0,IF(U11<=$N$22,$AK$19*(1.5*($K$22/$AK$20)-0.5*($K$22/$AK$20)^3),IF(U11<=$N$23,$AK$19*(1.5*($K$23/$AK$20)-0.5*($K$23/$AK$20)^3),IF(U11<=$N$24,$AK$19*(1.5*($K$24/$AK$20)-0.5*($K$24/$AK$20)^3),IF(U11<=$K$25,$AK$19*(1.5*($K$25/$AK$20)-0.5*($K$25/$AK$20)^3), $AK$19))))) -> 0.38310645 | BH11: 9 | BI11: 0.4767 | BJ11: =BI11*G13 -> 2.14515 | BK11: =BI11*(G13-$N$15) -> 0.61971
A12: 8 | B12: 44247 | C12: 0.38552083 | D12: -7.75 | E12: 106.52 | F12: 20 | G12: 3.5 | I12: 4.5 | J12: 9 | K12: =SQRT(('Olah Semivariogram'!$D$5-'Olah Semivariogram'!D13)^2+('Olah Semivariogram'!$E$5-'Olah Semivariogram'!E13)^2) -> 0.09963935 | L12: =SQRT(('Olah Semivariogram'!$D$6-'Olah Semivariogram'!D13)^2+('Olah Semivariogram'!$E$6-'Olah Semivariogram'!E13)^2) -> 0.40175614 | M12: =SQRT(('Olah Semivariogram'!$D$7-'Olah Semivariogram'!D13)^2+('Olah Semivariogram'!$E$7-'Olah Semivariogram'!E13)^2) -> 0.64498682 | N12: =SQRT(('Olah Semivariogram'!$D$8-'Olah Semivariogram'!D13)^2+('Olah Semivariogram'!$E$8-'Olah Semivariogram'!E13)^2) -> 0.72520894 | O12: =SQRT(('Olah Semivariogram'!$D$9-'Olah Semivariogram'!D13)^2+('Olah Semivariogram'!$E$9-'Olah Semivariogram'!E13)^2) -> 0.35850802 | P12: =SQRT(('Olah Semivariogram'!$D$10-'Olah Semivariogram'!D13)^2+('Olah Semivariogram'!$E$10-'Olah Semivariogram'!E13)^2) -> 0.72964923 | Q12: =SQRT(('Olah Semivariogram'!$D$11-'Olah Semivariogram'!D13)^2+('Olah Semivariogram'!$E$11-'Olah Semivariogram'!E13)^2) -> 0.063150614 | R12: =SQRT(('Olah Semivariogram'!$D$12-'Olah Semivariogram'!D13)^2+('Olah Semivariogram'!$E$12-'Olah Semivariogram'!E13)^2) -> 0.41529267 | S12: =SQRT(('Olah Semivariogram'!$D$13-'Olah Semivariogram'!D13)^2+('Olah Semivariogram'!$E$13-'Olah Semivariogram'!E13)^2) -> 0 | T12: =SQRT(('Olah Semivariogram'!$D$14-'Olah Semivariogram'!D13)^2+('Olah Semivariogram'!$E$14-'Olah Semivariogram'!E13)^2) -> 0.13859293 | U12: =SQRT((D13-$D$15)^2+(E13-$E$15)^2) -> 0.11648176 | W12: 4.5 | X12: 4.5 | Y12: 0 | Z12: =(W12-X12)^2 -> 0 | AA12: =Z12/20 -> 0 | AC12: 9 | AD12: =COUNT(W54:W55) -> 2 | AE12: =SUM(Z54:Z55) -> 2.96 | AF12: =MEDIAN(AG12,AH12) -> 0.95971189 | AG12: 0.8997299 | AH12: 1.0196939 | AI12: =AE12/(2*AD12) -> 0.74 | AK12: =$AI$19 -> 0.419125 | AL12: =$AI$19*(1-EXP(-(AF12/$AI$20))) -> 0.3764994 | AM12: =$AI$19*(1-EXP(-((AF12)^2/($AI$20)^2))) -> 0.41686881 | AN12: =(AK12-AI12)^2 -> 0.10296077 | AO12: =(AL12-AI12)^2 -> 0.13213268 | AP12: =(AM12-AI12)^2 -> 0.10441377 | AR12: 9 | AS12: =IF(K12=0,0,IF(K12<=$N$22,$AK$19*(1.5*($K$22/$AK$20)-0.5*($K$22/$AK$20)^3),IF(K12<=$N$23,$AK$19*(1.5*($K$23/$AK$20)-0.5*($K$23/$AK$20)^3),IF(K12<=$N$24,$AK$19*(1.5*($K$24/$AK$20)-0.5*($K$24/$AK$20)^3),IF(K12<=$K$25,$AK$19*(1.5*($K$25/$AK$20)-0.5*($K$25/$AK$20)^3), $AK$19))))) -> 0.15389746 | AT12: =IF(L12=0,0,IF(L12<=$N$22,$AK$19*(1.5*($K$22/$AK$20)-0.5*($K$22/$AK$20)^3),IF(L12<=$N$23,$AK$19*(1.5*($K$23/$AK$20)-0.5*($K$23/$AK$20)^3),IF(L12<=$N$24,$AK$19*(1.5*($K$24/$AK$20)-0.5*($K$24/$AK$20)^3),IF(L12<=$K$25,$AK$19*(1.5*($K$25/$AK$20)-0.5*($K$25/$AK$20)^3), $AK$19))))) -> 0.38310645 | AU12: =IF(M12=0,0,IF(M12<=$N$22,$AK$19*(1.5*($K$22/$AK$20)-0.5*($K$22/$AK$20)^3),IF(M12<=$N$23,$AK$19*(1.5*($K$23/$AK$20)-0.5*($K$23/$AK$20)^3),IF(M12<=$N$24,$AK$19*(1.5*($K$24/$AK$20)-0.5*($K$24/$AK$20)^3),IF(M12<=$K$25,$AK$19*(1.5*($K$25/$AK$20)-0.5*($K$25/$AK$20)^3), $AK$19))))) -> 0.419125 | AV12: =IF(N12=0,0,IF(N12<=$N$22,$AK$19*(1.5*($K$22/$AK$20)-0.5*($K$22/$AK$20)^3),IF(N12<=$N$23,$AK$19*(1.5*($K$23/$AK$20)-0.5*($K$23/$AK$20)^3),IF(N12<=$N$24,$AK$19*(1.5*($K$24/$AK$20)-0.5*($K$24/$AK$20)^3),IF(N12<=$K$25,$AK$19*(1.5*($K$25/$AK$20)-0.5*($K$25/$AK$20)^3), $AK$19))))) -> 0.419125 | AW12: =IF(O12=0,0,IF(O12<=$N$22,$AK$19*(1.5*($K$22/$AK$20)-0.5*($K$22/$AK$20)^3),IF(O12<=$N$23,$AK$19*(1.5*($K$23/$AK$20)-0.5*($K$23/$AK$20)^3),IF(O12<=$N$24,$AK$19*(1.5*($K$24/$AK$20)-0.5*($K$24/$AK$20)^3),IF(O12<=$K$25,$AK$19*(1.5*($K$25/$AK$20)-0.5*($K$25/$AK$20)^3), $AK$19))))) -> 0.38310645 | AX12: =IF(P12=0,0,IF(P12<=$N$22,$AK$19*(1.5*($K$22/$AK$20)-0.5*($K$22/$AK$20)^3),IF(P12<=$N$23,$AK$19*(1.5*($K$23/$AK$20)-0.5*($K$23/$AK$20)^3),IF(P12<=$N$24,$AK$19*(1.5*($K$24/$AK$20)-0.5*($K$24/$AK$20)^3),IF(P12<=$K$25,$AK$19*(1.5*($K$25/$AK$20)-0.5*($K$25/$AK$20)^3), $AK$19))))) -> 0.419125 | AY12: =IF(Q12=0,0,IF(Q12<=$N$22,$AK$19*(1.5*($K$22/$AK$20)-0.5*($K$22/$AK$20)^3),IF(Q12<=$N$23,$AK$19*(1.5*($K$23/$AK$20)-0.5*($K$23/$AK$20)^3),IF(Q12<=$N$24,$AK$19*(1.5*($K$24/$AK$20)-0.5*($K$24/$AK$20)^3),IF(Q12<=$K$25,$AK$19*(1.5*($K$25/$AK$20)-0.5*($K$25/$AK$20)^3), $AK$19))))) -> 0.15389746 | AZ12: =IF(R12=0,0,IF(R12<=$N$22,$AK$19*(1.5*($K$22/$AK$20)-0.5*($K$22/$AK$20)^3),IF(R12<=$N$23,$AK$19*(1.5*($K$23/$AK$20)-0.5*($K$23/$AK$20)^3),IF(R12<=$N$24,$AK$19*(1.5*($K$24/$AK$20)-0.5*($K$24/$AK$20)^3),IF(R12<=$K$25,$AK$19*(1.5*($K$25/$AK$20)-0.5*($K$25/$AK$20)^3), $AK$19))))) -> 0.38310645 | ... BB12: =IF(T12=0,0,IF(T12<=$N$22,$AK$19*(1.5*($K$22/$AK$20)-0.5*($K$22/$AK$20)^3),IF(T12<=$N$23,$AK$19*(1.5*($K$23/$AK$20)-0.5*($K$23/$AK$20)^3),IF(T12<=$N$24,$AK$19*(1.5*($K$24/$AK$20)-0.5*($K$24/$AK$20)^3),IF(T12<=$K$25,$AK$19*(1.5*($K$25/$AK$20)-0.5*($K$25/$AK$20)^3), $AK$19))))) -> 0.15389746 | BD12: 9 | BE12: =IF(U12=0,0,IF(U12<=$N$22,$AK$19*(1.5*($K$22/$AK$20)-0.5*($K$22/$AK$20)^3),IF(U12<=$N$23,$AK$19*(1.5*($K$23/$AK$20)-0.5*($K$23/$AK$20)^3),IF(U12<=$N$24,$AK$19*(1.5*($K$24/$AK$20)-0.5*($K$24/$AK$20)^3),IF(U12<=$K$25,$AK$19*(1.5*($K$25/$AK$20)-0.5*($K$25/$AK$20)^3), $AK$19))))) -> 0.15389746 | BH12: 10 | BI12: 0.1283 | BJ12: =BI12*G14 -> 0.35924 | BK12: =BI12*(G14-$N$15) -> -0.05132
A13: 9 | B13: 44248 | C13: 0.62260417 | D13: -7.372 | E13: 106.692 | F13: 60 | G13: 4.5 | I13: 2.8 | J13: 10 | K13: =SQRT(('Olah Semivariogram'!$D$5-'Olah Semivariogram'!D14)^2+('Olah Semivariogram'!$E$5-'Olah Semivariogram'!E14)^2) -> 0.08 | L13: =SQRT(('Olah Semivariogram'!$D$6-'Olah Semivariogram'!D14)^2+('Olah Semivariogram'!$E$6-'Olah Semivariogram'!E14)^2) -> 0.40224371 | M13: =SQRT(('Olah Semivariogram'!$D$7-'Olah Semivariogram'!D14)^2+('Olah Semivariogram'!$E$7-'Olah Semivariogram'!E14)^2) -> 0.70342022 | N13: =SQRT(('Olah Semivariogram'!$D$8-'Olah Semivariogram'!D14)^2+('Olah Semivariogram'!$E$8-'Olah Semivariogram'!E14)^2) -> 0.58821765 | O13: =SQRT(('Olah Semivariogram'!$D$9-'Olah Semivariogram'!D14)^2+('Olah Semivariogram'!$E$9-'Olah Semivariogram'!E14)^2) -> 0.45099889 | P13: =SQRT(('Olah Semivariogram'!$D$10-'Olah Semivariogram'!D14)^2+('Olah Semivariogram'!$E$10-'Olah Semivariogram'!E14)^2) -> 0.5920304 | Q13: =SQRT(('Olah Semivariogram'!$D$11-'Olah Semivariogram'!D14)^2+('Olah Semivariogram'!$E$11-'Olah Semivariogram'!E14)^2) -> 0.19416488 | R13: =SQRT(('Olah Semivariogram'!$D$12-'Olah Semivariogram'!D14)^2+('Olah Semivariogram'!$E$12-'Olah Semivariogram'!E14)^2) -> 0.38897301 | S13: =SQRT(('Olah Semivariogram'!$D$13-'Olah Semivariogram'!D14)^2+('Olah Semivariogram'!$E$13-'Olah Semivariogram'!E14)^2) -> 0.13859293 | T13: =SQRT(('Olah Semivariogram'!$D$14-'Olah Semivariogram'!D14)^2+('Olah Semivariogram'!$E$14-'Olah Semivariogram'!E14)^2) -> 0 | U13: =SQRT((D14-$D$15)^2+(E14-$E$15)^2) -> 0.24698178 | W13: 2.8 | X13: 2.8 | Y13: 0 | Z13: =(W13-X13)^2 -> 0 | AA13: =Z13/20 -> 0 | AC13: 10 | AD13: =COUNT(W56:W58) -> 3 | AE13: =SUM(Z56:Z58) -> 0.25 | AF13: =MEDIAN(AG13,AH13) -> 1.0796759 | AG13: 1.0196939 | AH13: 1.1396579 | AI13: =AE13/(2*AD13) -> 0.041666667 | AK13: =$AI$19 -> 0.419125 | AL13: =$AI$19*(1-EXP(-(AF13/$AI$20))) -> 0.38709283 | AM13: =$AI$19*(1-EXP(-((AF13)^2/($AI$20)^2))) -> 0.41856177 | AN13: =(AK13-AI13)^2 -> 0.14247479 | AO13: =(AL13-AI13)^2 -> 0.11931924 | AP13: =(AM13-AI13)^2 -> 0.14204992 | AR13: 10 | AS13: =IF(K13=0,0,IF(K13<=$N$22,$AK$19*(1.5*($K$22/$AK$20)-0.5*($K$22/$AK$20)^3),IF(K13<=$N$23,$AK$19*(1.5*($K$23/$AK$20)-0.5*($K$23/$AK$20)^3),IF(K13<=$N$24,$AK$19*(1.5*($K$24/$AK$20)-0.5*($K$24/$AK$20)^3),IF(K13<=$K$25,$AK$19*(1.5*($K$25/$AK$20)-0.5*($K$25/$AK$20)^3), $AK$19))))) -> 0.15389746 | AT13: =IF(L13=0,0,IF(L13<=$N$22,$AK$19*(1.5*($K$22/$AK$20)-0.5*($K$22/$AK$20)^3),IF(L13<=$N$23,$AK$19*(1.5*($K$23/$AK$20)-0.5*($K$23/$AK$20)^3),IF(L13<=$N$24,$AK$19*(1.5*($K$24/$AK$20)-0.5*($K$24/$AK$20)^3),IF(L13<=$K$25,$AK$19*(1.5*($K$25/$AK$20)-0.5*($K$25/$AK$20)^3), $AK$19))))) -> 0.38310645 | AU13: =IF(M13=0,0,IF(M13<=$N$22,$AK$19*(1.5*($K$22/$AK$20)-0.5*($K$22/$AK$20)^3),IF(M13<=$N$23,$AK$19*(1.5*($K$23/$AK$20)-0.5*($K$23/$AK$20)^3),IF(M13<=$N$24,$AK$19*(1.5*($K$24/$AK$20)-0.5*($K$24/$AK$20)^3),IF(M13<=$K$25,$AK$19*(1.5*($K$25/$AK$20)-0.5*($K$25/$AK$20)^3), $AK$19))))) -> 0.419125 | AV13: =IF(N13=0,0,IF(N13<=$N$22,$AK$19*(1.5*($K$22/$AK$20)-0.5*($K$22/$AK$20)^3),IF(N13<=$N$23,$AK$19*(1.5*($K$23/$AK$20)-0.5*($K$23/$AK$20)^3),IF(N13<=$N$24,$AK$19*(1.5*($K$24/$AK$20)-0.5*($K$24/$AK$20)^3),IF(N13<=$K$25,$AK$19*(1.5*($K$25/$AK$20)-0.5*($K$25/$AK$20)^3), $AK$19))))) -> 0.419125 | AW13: =IF(O13=0,0,IF(O13<=$N$22,$AK$19*(1.5*($K$22/$AK$20)-0.5*($K$22/$AK$20)^3),IF(O13<=$N$23,$AK$19*(1.5*($K$23/$AK$20)-0.5*($K$23/$AK$20)^3),IF(O13<=$N$24,$AK$19*(1.5*($K$24/$AK$20)-0.5*($K$24/$AK$20)^3),IF(O13<=$K$25,$AK$19*(1.5*($K$25/$AK$20)-0.5*($K$25/$AK$20)^3), $AK$19))))) -> 0.419125 | AX13: =IF(P13=0,0,IF(P13<=$N$22,$AK$19*(1.5*($K$22/$AK$20)-0.5*($K$22/$AK$20)^3),IF(P13<=$N$23,$AK$19*(1.5*($K$23/$AK$20)-0.5*($K$23/$AK$20)^3),IF(P13<=$N$24,$AK$19*(1.5*($K$24/$AK$20)-0.5*($K$24/$AK$20)^3),IF(P13<=$K$25,$AK$19*(1.5*($K$25/$AK$20)-0.5*($K$25/$AK$20)^3), $AK$19))))) -> 0.419125 | AY13: =IF(Q13=0,0,IF(Q13<=$N$22,$AK$19*(1.5*($K$22/$AK$20)-0.5*($K$22/$AK$20)^3),IF(Q13<=$N$23,$AK$19*(1.5*($K$23/$AK$20)-0.5*($K$23/$AK$20)^3),IF(Q13<=$N$24,$AK$19*(1.5*($K$24/$AK$20)-0.5*($K$24/$AK$20)^3),IF(Q13<=$K$25,$AK$19*(1.5*($K$25/$AK$20)-0.5*($K$25/$AK$20)^3), $AK$19))))) -> 0.28814844 | AZ13: =IF(R13=0,0,IF(R13<=$N$22,$AK$19*(1.5*($K$22/$AK$20)-0.5*($K$22/$AK$20)^3),IF(R13<=$N$23,$AK$19*(1.5*($K$23/$AK$20)-0.5*($K$23/$AK$20)^3),IF(R13<=$N$24,$AK$19*(1.5*($K$24/$AK$20)-0.5*($K$24/$AK$20)^3),IF(R13<=$K$25,$AK$19*(1.5*($K$25/$AK$20)-0.5*($K$25/$AK$20)^3), $AK$19))))) -> 0.38310645 | ... BB13: =IF(T13=0,0,IF(T13<=$N$22,$AK$19*(1.5*($K$22/$AK$20)-0.5*($K$22/$AK$20)^3),IF(T13<=$N$23,$AK$19*(1.5*($K$23/$AK$20)-0.5*($K$23/$AK$20)^3),IF(T13<=$N$24,$AK$19*(1.5*($K$24/$AK$20)-0.5*($K$24/$AK$20)^3),IF(T13<=$K$25,$AK$19*(1.5*($K$25/$AK$20)-0.5*($K$25/$AK$20)^3), $AK$19))))) -> 0 | BD13: 10 | BE13: =IF(U13=0,0,IF(U13<=$N$22,$AK$19*(1.5*($K$22/$AK$20)-0.5*($K$22/$AK$20)^3),IF(U13<=$N$23,$AK$19*(1.5*($K$23/$AK$20)-0.5*($K$23/$AK$20)^3),IF(U13<=$N$24,$AK$19*(1.5*($K$24/$AK$20)-0.5*($K$24/$AK$20)^3),IF(U13<=$K$25,$AK$19*(1.5*($K$25/$AK$20)-0.5*($K$25/$AK$20)^3), $AK$19))))) -> 0.28814844 | BH13: total | BI13: =SUM(BI3:BI12) -> 1.0623 | BJ13: =SUM(BJ3:BJ12) -> 3.89862 | BK13: =N15+SUM(BK3:BK12) -> 3.69926
A14: 10 | B14: 44248 | C14: 0.9655787 | D14: -7.47 | E14: 106.79 | F14: 37 | G14: 2.8 | V14: offset 2 | W14: 3.2 | X14: 3.6 | Y14: 0.02236068 | Z14: =(W14-X14)^2 -> 0.16 | AA14: =Z14/12 -> 0.013333333 | AJ14: rata-rata | AK14: =AVERAGE(AK4:AK13) -> 0.34165408 | AM14: MSE | AN14: =AVERAGE(AN4:AN13) -> 0.065890705 | AO14: =AVERAGE(AO4:AO13) -> 0.067816272 | AP14: =AVERAGE(AP4:AP13) -> 0.079784833
A15: 11 | B15: 44253 | C15: 0.14162037 | D15: -7.34 | E15: 106.58 | F15: 91 | G15: 2.9 | H15: prediksi | J15: min | K15: 0 | M15: mean (Z) | N15: =AVERAGE(G5:G14) -> 3.2 | W15: 3.1 | X15: 4.5 | Y15: 0.063150614 | Z15: =(W15-X15)^2 -> 1.96 | AA15: =Z15/12 -> 0.16333333 | AM15: RMSE | AN15: =SQRT(AN14) -> 0.25669185 | AO15: =SQRT(AO14) -> 0.26041558 | AP15: =SQRT(AP14) -> 0.28246209
A16: 12 | B16: 44257 | C16: 0.52834491 | D16: -7.82 | E16: 106.81 | F16: 10 | G16: 3.9 | J16: max | K16: =MAX(K4:T13) -> 1.0796759 | M16: mean (jarak) | N16: =AVERAGE(K4:K13,L5:L13,M6:M13,N7:N13,O8:O13,P9:P13,Q10:Q13,R11:R13,S12:S13,T13) -> 0.44390755 | W16: 3.2 | X16: 2.8 | Y16: 0.08 | Z16: =(W16-X16)^2 -> 0.16 | AA16: =Z16/12 -> 0.013333333 | AM16: SSE | AN16: =SUM(AN4:AN13) -> 0.65890705 | AO16: =SUM(AO4:AO13) -> 0.67816272 | AP16: =SUM(AP4:AP13) -> 0.79784833 | AY16: Ordinary Kriging
A17: 13 | B17: 44265 | C17: 0.171875 | D17: -6.008 | E17: 107.117 | F17: 310 | G17: 4.1 | W17: 3.2 | X17: 4.5 | Y17: 0.09963935 | Z17: =(W17-X17)^2 -> 1.69 | AA17: =Z17/12 -> 0.14083333
A18: 14 | B18: 44274 | C18: 0.7412963 | D18: -7.78 | E18: 106.97 | F18: 25 | G18: 3.1 | J18: Binning data | W18: 3.2 | X18: 3.1 | Y18: 0.13601471 | Z18: =(W18-X18)^2 -> 0.01 | AA18: =Z18/12 -> 0.00083333333 | AH18: nugget (C0) | AI18: 0 | AK18: 0 | AL18: 0 | AM18: 0
A19: 15 | B19: 44274 | C19: 0.22549769 | D19: -7.73 | E19: 106.92 | F19: 25 | G19: 2.8 | K19: h= (max/offset-1)*(no offset-1) | W19: 4.5 | X19: 2.8 | Y19: 0.13859293 | Z19: =(W19-X19)^2 -> 2.89 | AA19: =Z19/12 -> 0.24083333 | AH19: sill ( C ) | AI19: =AVERAGE(AI7:AI8) -> 0.419125 | AK19: =AK8 -> 0.419125 | AL19: =AL11 -> 0.3624026 | AM19: =AM11 -> 0.41144846
A20: 16 | B20: 44275 | C20: 0.75657407 | D20: -7.82 | E20: 107.26 | F20: 23 | G20: 4.1 | K20: h | L20: delta(h) | M20: h-(detla(h)/2) | N20: h+(detla(h)/2) | V20: offset 3 | W20: 3.1 | X20: 2.8 | Y20: 0.19416488 | Z20: =(W20-X20)^2 -> 0.09 | AA20: =Z20/4 -> 0.0225 | AH20: range (a) | AI20: =MEDIAN(AF7:AF8) -> 0.41987395 | AK20: =AF8 -> 0.47985595 | AL20: =AF11 -> 0.8397479 | AM20: =AF11 -> 0.8397479 | AY20: Simple Kriging
A21: 17 | B21: 44276 | C21: 0.28738426 | D21: -7.73 | E21: 106.95 | F21: 28 | G21: 2.9 | J21: 1 | K21: 0 | L21: 0 | M21: 0 | N21: 0 | W21: 2.7 | X21: 2.2 | Y21: 0.28635642 | Z21: =(W21-X21)^2 -> 0.25 | AA21: =Z21/4 -> 0.0625 | AR21: Matriks kovarians data sigma(Z(si),Z(sj))) | AU21: h sesuai data
A22: 18 | B22: 44280 | C22: 0.68299769 | D22: -7.84 | E22: 107.27 | F22: 28 | G22: 3.4 | J22: 2 | K22: =($K$16/(10-$J$21))*(J22-$J$21) -> 0.11996399 | L22: =K22-K21 -> 0.11996399 | M22: =K22-(L22/2) -> 0.059981993 | N22: =K22+(L22/2) -> 0.17994598 | V22: offset 4 | W22: 3.2 | X22: 2.2 | Y22: 0.31144823 | Z22: =(W22-X22)^2 -> 1 | AA22: =Z22/20 -> 0.05
A23: 19 | B23: 44281 | C23: 0.64665509 | D23: -7.11 | E23: 107.42 | F23: 10 | G23: 2.7 | J23: 3 | K23: =($K$16/(10-$J$21))*(J23-$J$21) -> 0.23992797 | L23: =K23-K22 -> 0.11996399 | M23: =K23-(L23/2) -> 0.17994598 | N23: =K23+(L23/2) -> 0.29990997 | W23: 3.2 | X23: 3.5 | Y23: 0.33837849 | Z23: =(W23-X23)^2 -> 0.09 | AA23: =Z23/20 -> 0.0045 | AJ23: rata-rata | AK23: spherical | AL23: exponential | AM23: gaussian | AR23: si,sj | AS23: 1 | AT23: 2 | AU23: 3 | AV23: 4 | AW23: 5 | AX23: 6 | AY23: 7 | AZ23: 8 | BA23: 9 | BB23: 10 | BD23: si,s0 | BE23: 11 | BH23: lambda(i) | BJ23: OK | BK23: SK
A24: 20 | B24: 44281 | C24: 0.13204861 | D24: -7.59 | E24: 106.77 | F24: 35 | G24: 2.8 | J24: 4 | K24: =($K$16/(10-$J$21))*(J24-$J$21) -> 0.35989196 | L24: =K24-K23 -> 0.11996399 | M24: =K24-(L24/2) -> 0.29990997 | N24: =K24+(L24/2) -> 0.41987395 | W24: 2.7 | X24: 3.2 | Y24: 0.35355339 | Z24: =(W24-X24)^2 -> 0.25 | AA24: =Z24/20 -> 0.0125 | AI24: 0 | AJ24: 0 | AK24: 0 | AL24: 0 | AM24: 0 | AR24: 1 | AS24: =IF(K4<=$K$25,$AK$19*(1.5*(K4/$AK$20)-0.5*(K4/$AK$20)^3),$AK$19) -> 0 | AT24: =IF(L4<=$K$25,$AK$19*(1.5*(L4/$AK$20)-0.5*(L4/$AK$20)^3),$AK$19) -> 0.41715949 | AU24: =IF(M4<=$K$25,$AK$19*(1.5*(M4/$AK$20)-0.5*(M4/$AK$20)^3),$AK$19) -> 0.419125 | AV24: =IF(N4<=$K$25,$AK$19*(1.5*(N4/$AK$20)-0.5*(N4/$AK$20)^3),$AK$19) -> 0.419125 | AW24: =IF(O4<=$K$25,$AK$19*(1.5*(O4/$AK$20)-0.5*(O4/$AK$20)^3),$AK$19) -> 0.41715949 | AX24: =IF(P4<=$K$25,$AK$19*(1.5*(P4/$AK$20)-0.5*(P4/$AK$20)^3),$AK$19) -> 0.419125 | AY24: =IF(Q4<=$K$25,$AK$19*(1.5*(Q4/$AK$20)-0.5*(Q4/$AK$20)^3),$AK$19) -> 0.17342845 | AZ24: =IF(R4<=$K$25,$AK$19*(1.5*(R4/$AK$20)-0.5*(R4/$AK$20)^3),$AK$19) -> 0.36984617 | ... BB24: =IF(T4<=$K$25,$AK$19*(1.5*(T4/$AK$20)-0.5*(T4/$AK$20)^3),$AK$19) -> 0.10384163 | BD24: 1 | BE24: =IF(U4<=$K$25,$AK$19*(1.5*(K4/$AK$20)-0.5*(K4/$AK$20)^3),$AK$19) -> 0 | BH24: 1 | BI24: 0.0062 | BJ24: =BI24*G5 -> 0.01984 | BK24: =BI24*(G5-$N$15) -> 0
A25: 21 | B25: 44284 | C25: 0.69548611 | D25: -7.48 | E25: 106.73 | F25: 34 | G25: 2.9 | J25: 5 | K25: =($K$16/(10-$J$21))*(J25-$J$21) -> 0.47985595 | L25: =K25-K24 -> 0.11996399 | M25: =K25-(L25/2) -> 0.41987395 | N25: =K25+(L25/2) -> 0.53983794 | W25: 2.2 | X25: 4.5 | Y25: 0.35850802 | Z25: =(W25-X25)^2 -> 5.29 | AA25: =Z25/20 -> 0.2645 | AH25: 0.2 | AI25: 0.1 | AJ25: 0.20470588 | AK25: =$AJ$32*(1.5*(AH25/$AJ$33)-0.5*(AH25/$AJ$33)^3) -> 0.28004737 | AL25: =$AJ$32*(1-EXP(-(AH25/$AJ$33))) -> 0.17149992 | AM25: =$AJ$32*(1-EXP(-((AH25)^2/($AJ$33)^2))) -> 0.037097346 | AR25: 2 | AS25: =IF(K5<=$K$25,$AK$19*(1.5*(K5/$AK$20)-0.5*(K5/$AK$20)^3),$AK$19) -> 0.41715949 | AT25: =IF(L5<=$K$25,$AK$19*(1.5*(L5/$AK$20)-0.5*(L5/$AK$20)^3),$AK$19) -> 0 | AU25: =IF(M5<=$K$25,$AK$19*(1.5*(M5/$AK$20)-0.5*(M5/$AK$20)^3),$AK$19) -> 0.37939142 | AV25: =IF(N5<=$K$25,$AK$19*(1.5*(N5/$AK$20)-0.5*(N5/$AK$20)^3),$AK$19) -> 0.419125 | AW25: =IF(O5<=$K$25,$AK$19*(1.5*(O5/$AK$20)-0.5*(O5/$AK$20)^3),$AK$19) -> 0.33063737 | AX25: =IF(P5<=$K$25,$AK$19*(1.5*(P5/$AK$20)-0.5*(P5/$AK$20)^3),$AK$19) -> 0.419125 | AY25: =IF(Q5<=$K$25,$AK$19*(1.5*(Q5/$AK$20)-0.5*(Q5/$AK$20)^3),$AK$19) -> 0.41637715 | AZ25: =IF(R5<=$K$25,$AK$19*(1.5*(R5/$AK$20)-0.5*(R5/$AK$20)^3),$AK$19) -> 0.419125 | ... BB25: =IF(T5<=$K$25,$AK$19*(1.5*(T5/$AK$20)-0.5*(T5/$AK$20)^3),$AK$19) -> 0.40356519 | BD25: 2 | BE25: =IF(U5<=$K$25,$AK$19*(1.5*(K5/$AK$20)-0.5*(K5/$AK$20)^3),$AK$19) -> 0.419125 | BH25: 2 | BI25: 0.0414 | BJ25: =BI25*G6 -> 0.11178 | BK25: =BI25*(G6-$N$15) -> -0.0207
A26: 22 | B26: 44285 | C26: 0.54890046 | D26: -7.69 | E26: 106.59 | F26: 28 | G26: 2.8 | J26: 6 | K26: =($K$16/(10-$J$21))*(J26-$J$21) -> 0.59981993 | L26: =K26-K25 -> 0.11996399 | M26: =K26-(L26/2) -> 0.53983794 | N26: =K26+(L26/2) -> 0.65980193 | W26: 2.2 | X26: 3.1 | Y26: 0.36400549 | Z26: =(W26-X26)^2 -> 0.81 | AA26: =Z26/20 -> 0.0405 | AH26: 0.4 | AI26: 0.3 | AJ26: 0.34303186 | AK26: =$AJ$32*(1.5*(AH26/$AJ$33)-0.5*(AH26/$AJ$33)^3) -> 0.53738819 | AL26: =$AJ$32*(1-EXP(-(AH26/$AJ$33))) -> 0.31191217 | AM26: =$AJ$32*(1-EXP(-((AH26)^2/($AJ$33)^2))) -> 0.13988764 | AR26: 3 | AS26: =IF(K6<=$K$25,$AK$19*(1.5*(K6/$AK$20)-0.5*(K6/$AK$20)^3),$AK$19) -> 0.419125 | AT26: =IF(L6<=$K$25,$AK$19*(1.5*(L6/$AK$20)-0.5*(L6/$AK$20)^3),$AK$19) -> 0.37939142 | AU26: =IF(M6<=$K$25,$AK$19*(1.5*(M6/$AK$20)-0.5*(M6/$AK$20)^3),$AK$19) -> 0 | AV26: =IF(N6<=$K$25,$AK$19*(1.5*(N6/$AK$20)-0.5*(N6/$AK$20)^3),$AK$19) -> 0.419125 | AW26: =IF(O6<=$K$25,$AK$19*(1.5*(O6/$AK$20)-0.5*(O6/$AK$20)^3),$AK$19) -> 0.35074877 | AX26: =IF(P6<=$K$25,$AK$19*(1.5*(P6/$AK$20)-0.5*(P6/$AK$20)^3),$AK$19) -> 0.419125 | AY26: =IF(Q6<=$K$25,$AK$19*(1.5*(Q6/$AK$20)-0.5*(Q6/$AK$20)^3),$AK$19) -> 0.419125 | AZ26: =IF(R6<=$K$25,$AK$19*(1.5*(R6/$AK$20)-0.5*(R6/$AK$20)^3),$AK$19) -> 0.419125 | ... BB26: =IF(T6<=$K$25,$AK$19*(1.5*(T6/$AK$20)-0.5*(T6/$AK$20)^3),$AK$19) -> 0.419125 | BD26: 3 | BE26: =IF(U6<=$K$25,$AK$19*(1.5*(K6/$AK$20)-0.5*(K6/$AK$20)^3),$AK$19) -> 0.419125 | BH26: 3 | BI26: 0.0431 | BJ26: =BI26*G7 -> 0.13792 | BK26: =BI26*(G7-$N$15) -> 0
A27: 23 | B27: 44285 | C27: 0.50138889 | D27: -7 | E27: 106.56 | F27: 128 | G27: 3.4 | J27: 7 | K27: =($K$16/(10-$J$21))*(J27-$J$21) -> 0.71978392 | L27: =K27-K26 -> 0.11996399 | M27: =K27-(L27/2) -> 0.65980193 | N27: =K27+(L27/2) -> 0.77976591 | W27: 3.5 | X27: 2.8 | Y27: 0.38897301 | Z27: =(W27-X27)^2 -> 0.49 | AA27: =Z27/20 -> 0.0245 | AH27: 0.6 | AI27: 0.5 | AJ27: 0.46090662 | AK27: =$AJ$32*(1.5*(AH27/$AJ$33)-0.5*(AH27/$AJ$33)^3) -> 0.74931593 | AL27: =$AJ$32*(1-EXP(-(AH27/$AJ$33))) -> 0.42687201 | AM27: =$AJ$32*(1-EXP(-((AH27)^2/($AJ$33)^2))) -> 0.28603023 | AR27: 4 | AS27: =IF(K7<=$K$25,$AK$19*(1.5*(K7/$AK$20)-0.5*(K7/$AK$20)^3),$AK$19) -> 0.419125 | AT27: =IF(L7<=$K$25,$AK$19*(1.5*(L7/$AK$20)-0.5*(L7/$AK$20)^3),$AK$19) -> 0.419125 | AU27: =IF(M7<=$K$25,$AK$19*(1.5*(M7/$AK$20)-0.5*(M7/$AK$20)^3),$AK$19) -> 0.419125 | AV27: =IF(N7<=$K$25,$AK$19*(1.5*(N7/$AK$20)-0.5*(N7/$AK$20)^3),$AK$19) -> 0 | AW27: =IF(O7<=$K$25,$AK$19*(1.5*(O7/$AK$20)-0.5*(O7/$AK$20)^3),$AK$19) -> 0.419125 | AX27: =IF(P7<=$K$25,$AK$19*(1.5*(P7/$AK$20)-0.5*(P7/$AK$20)^3),$AK$19) -> 0.029274837 | AY27: =IF(Q7<=$K$25,$AK$19*(1.5*(Q7/$AK$20)-0.5*(Q7/$AK$20)^3),$AK$19) -> 0.419125 | AZ27: =IF(R7<=$K$25,$AK$19*(1.5*(R7/$AK$20)-0.5*(R7/$AK$20)^3),$AK$19) -> 0.419125 | ... BB27: =IF(T7<=$K$25,$AK$19*(1.5*(T7/$AK$20)-0.5*(T7/$AK$20)^3),$AK$19) -> 0.419125 | BD27: 4 | BE27: =IF(U7<=$K$25,$AK$19*(1.5*(K7/$AK$20)-0.5*(K7/$AK$20)^3),$AK$19) -> 0.419125 | BH27: 4 | BI27: 0.0251 | BJ27: =BI27*G8 -> 0.08032 | BK27: =BI27*(G8-$N$15) -> 0
A28: 24 | B28: 44320 | C28: 0.58545139 | D28: -6.992 | E28: 106.721 | F28: 72.2 | G28: 4.5 | J28: 8 | K28: =($K$16/(10-$J$21))*(J28-$J$21) -> 0.8397479 | L28: =K28-K27 -> 0.11996399 | M28: =K28-(L28/2) -> 0.77976591 | N28: =K28+(L28/2) -> 0.8997299 | W28: 2.7 | X28: 4.5 | Y28: 0.40175614 | Z28: =(W28-X28)^2 -> 3.24 | AA28: =Z28/20 -> 0.162 | AH28: 0.8 | AI28: 0.7 | AJ28: 0.72346104 | AK28: =$AJ$32*(1.5*(AH28/$AJ$33)-0.5*(AH28/$AJ$33)^3) -> 0.89312404 | AL28: =$AJ$32*(1-EXP(-(AH28/$AJ$33))) -> 0.52099316 | AM28: =$AJ$32*(1-EXP(-((AH28)^2/($AJ$33)^2))) -> 0.44723146 | AR28: 5 | AS28: =IF(K8<=$K$25,$AK$19*(1.5*(K8/$AK$20)-0.5*(K8/$AK$20)^3),$AK$19) -> 0.41715949 | AT28: =IF(L8<=$K$25,$AK$19*(1.5*(L8/$AK$20)-0.5*(L8/$AK$20)^3),$AK$19) -> 0.33063737 | AU28: =IF(M8<=$K$25,$AK$19*(1.5*(M8/$AK$20)-0.5*(M8/$AK$20)^3),$AK$19) -> 0.35074877 | AV28: =IF(N8<=$K$25,$AK$19*(1.5*(N8/$AK$20)-0.5*(N8/$AK$20)^3),$AK$19) -> 0.419125 | AW28: =IF(O8<=$K$25,$AK$19*(1.5*(O8/$AK$20)-0.5*(O8/$AK$20)^3),$AK$19) -> 0 | AX28: =IF(P8<=$K$25,$AK$19*(1.5*(P8/$AK$20)-0.5*(P8/$AK$20)^3),$AK$19) -> 0.419125 | AY28: =IF(Q8<=$K$25,$AK$19*(1.5*(Q8/$AK$20)-0.5*(Q8/$AK$20)^3),$AK$19) -> 0.38542952 | AZ28: =IF(R8<=$K$25,$AK$19*(1.5*(R8/$AK$20)-0.5*(R8/$AK$20)^3),$AK$19) -> 0.419125 | ... BB28: =IF(T8<=$K$25,$AK$19*(1.5*(T8/$AK$20)-0.5*(T8/$AK$20)^3),$AK$19) -> 0.41689696 | BD28: 5 | BE28: =IF(U8<=$K$25,$AK$19*(1.5*(K8/$AK$20)-0.5*(K8/$AK$20)^3),$AK$19) -> 0.41715949 | BH28: 5 | BI28: 0.0397 | BJ28: =BI28*G9 -> 0.08734 | BK28: =BI28*(G9-$N$15) -> -0.0397
A29: 25 | B29: 44301 | C29: 0.90038194 | D29: -7.52 | E29: 106.41 | F29: 67 | G29: 4.3 | J29: 9 | K29: =($K$16/(10-$J$21))*(J29-$J$21) -> 0.95971189 | L29: =K29-K28 -> 0.11996399 | M29: =K29-(L29/2) -> 0.8997299 | N29: =K29+(L29/2) -> 1.0196939 | W29: 2.7 | X29: 2.8 | Y29: 0.40224371 | Z29: =(W29-X29)^2 -> 0.01 | AA29: =Z29/20 -> 0.0005 | AH29: 1 | AI29: 0.9 | AJ29: 0.94610597 | AK29: =$AJ$32*(1.5*(AH29/$AJ$33)-0.5*(AH29/$AJ$33)^3) -> 0.94610597 | AL29: =$AJ$32*(1-EXP(-(AH29/$AJ$33))) -> 0.59805304 | AM29: =$AJ$32*(1-EXP(-((AH29)^2/($AJ$33)^2))) -> 0.59805304 | AR29: 6 | AS29: =IF(K9<=$K$25,$AK$19*(1.5*(K9/$AK$20)-0.5*(K9/$AK$20)^3),$AK$19) -> 0.419125 | AT29: =IF(L9<=$K$25,$AK$19*(1.5*(L9/$AK$20)-0.5*(L9/$AK$20)^3),$AK$19) -> 0.419125 | AU29: =IF(M9<=$K$25,$AK$19*(1.5*(M9/$AK$20)-0.5*(M9/$AK$20)^3),$AK$19) -> 0.419125 | AV29: =IF(N9<=$K$25,$AK$19*(1.5*(N9/$AK$20)-0.5*(N9/$AK$20)^3),$AK$19) -> 0.029274837 | AW29: =IF(O9<=$K$25,$AK$19*(1.5*(O9/$AK$20)-0.5*(O9/$AK$20)^3),$AK$19) -> 0.419125 | AX29: =IF(P9<=$K$25,$AK$19*(1.5*(P9/$AK$20)-0.5*(P9/$AK$20)^3),$AK$19) -> 0 | AY29: =IF(Q9<=$K$25,$AK$19*(1.5*(Q9/$AK$20)-0.5*(Q9/$AK$20)^3),$AK$19) -> 0.419125 | AZ29: =IF(R9<=$K$25,$AK$19*(1.5*(R9/$AK$20)-0.5*(R9/$AK$20)^3),$AK$19) -> 0.419125 | ... BB29: =IF(T9<=$K$25,$AK$19*(1.5*(T9/$AK$20)-0.5*(T9/$AK$20)^3),$AK$19) -> 0.419125 | BD29: 6 | BE29: =IF(U9<=$K$25,$AK$19*(1.5*(K9/$AK$20)-0.5*(K9/$AK$20)^3),$AK$19) -> 0.419125 | BH29: 6 | BI29: 0.0251 | BJ29: =BI29*G10 -> 0.09036 | BK29: =BI29*(G10-$N$15) -> 0.01004
A30: 26 | B30: 44301 | C30: 0.52009259 | D30: -7.35 | E30: 107.32 | F30: 129 | G30: 2.6 | J30: 10 | K30: =($K$16/(10-$J$21))*(J30-$J$21) -> 1.0796759 | L30: =K30-K29 -> 0.11996399 | M30: =K30-(L30/2) -> 1.0196939 | N30: =K30+(L30/2) -> 1.1396579 | W30: 3.1 | X30: 3.5 | Y30: 0.40521599 | Z30: =(W30-X30)^2 -> 0.16 | AA30: =Z30/20 -> 0.008 | AH30: 1.2 | AI30: 1.1 | AJ30: 1.0677048 | AK30: =AJ32 -> 0.94610597 | AL30: =$AJ$32*(1-EXP(-(AH30/$AJ$33))) -> 0.66114433 | AM30: =$AJ$32*(1-EXP(-((AH30)^2/($AJ$33)^2))) -> 0.72194721 | AR30: 7 | AS30: =IF(K10<=$K$25,$AK$19*(1.5*(K10/$AK$20)-0.5*(K10/$AK$20)^3),$AK$19) -> 0.17342845 | AT30: =IF(L10<=$K$25,$AK$19*(1.5*(L10/$AK$20)-0.5*(L10/$AK$20)^3),$AK$19) -> 0.41637715 | AU30: =IF(M10<=$K$25,$AK$19*(1.5*(M10/$AK$20)-0.5*(M10/$AK$20)^3),$AK$19) -> 0.419125 | AV30: =IF(N10<=$K$25,$AK$19*(1.5*(N10/$AK$20)-0.5*(N10/$AK$20)^3),$AK$19) -> 0.419125 | AW30: =IF(O10<=$K$25,$AK$19*(1.5*(O10/$AK$20)-0.5*(O10/$AK$20)^3),$AK$19) -> 0.38542952 | AX30: =IF(P10<=$K$25,$AK$19*(1.5*(P10/$AK$20)-0.5*(P10/$AK$20)^3),$AK$19) -> 0.419125 | AY30: =IF(Q10<=$K$25,$AK$19*(1.5*(Q10/$AK$20)-0.5*(Q10/$AK$20)^3),$AK$19) -> 0 | AZ30: =IF(R10<=$K$25,$AK$19*(1.5*(R10/$AK$20)-0.5*(R10/$AK$20)^3),$AK$19) -> 0.40470274 | ... BB30: =IF(T10<=$K$25,$AK$19*(1.5*(T10/$AK$20)-0.5*(T10/$AK$20)^3),$AK$19) -> 0.24050352 | BD30: 7 | BE30: =IF(U10<=$K$25,$AK$19*(1.5*(K10/$AK$20)-0.5*(K10/$AK$20)^3),$AK$19) -> 0.17342845 | BH30: 7 | BI30: 0.8953 | BJ30: =BI30*G11 -> 2.77543 | BK30: =BI30*(G11-$N$15) -> -0.08953
A31: 27 | B31: 44306 | C31: 0.15539352 | D31: -7.1 | E31: 107.28 | F31: 185 | G31: 2.3 | W31: 3.5 | X31: 4.5 | Y31: 0.41529267 | Z31: =(W31-X31)^2 -> 1 | AA31: =Z31/20 -> 0.05 | AI31: nugget (C0) | AJ31: 0 | AK31: 0 | AL31: 0 | AM31: 0 | AR31: 8 | AS31: =IF(K11<=$K$25,$AK$19*(1.5*(K11/$AK$20)-0.5*(K11/$AK$20)^3),$AK$19) -> 0.36984617 | AT31: =IF(L11<=$K$25,$AK$19*(1.5*(L11/$AK$20)-0.5*(L11/$AK$20)^3),$AK$19) -> 0.419125 | AU31: =IF(M11<=$K$25,$AK$19*(1.5*(M11/$AK$20)-0.5*(M11/$AK$20)^3),$AK$19) -> 0.419125 | AV31: =IF(N11<=$K$25,$AK$19*(1.5*(N11/$AK$20)-0.5*(N11/$AK$20)^3),$AK$19) -> 0.419125 | AW31: =IF(O11<=$K$25,$AK$19*(1.5*(O11/$AK$20)-0.5*(O11/$AK$20)^3),$AK$19) -> 0.419125 | AX31: =IF(P11<=$K$25,$AK$19*(1.5*(P11/$AK$20)-0.5*(P11/$AK$20)^3),$AK$19) -> 0.419125 | AY31: =IF(Q11<=$K$25,$AK$19*(1.5*(Q11/$AK$20)-0.5*(Q11/$AK$20)^3),$AK$19) -> 0.40470274 | AZ31: =IF(R11<=$K$25,$AK$19*(1.5*(R11/$AK$20)-0.5*(R11/$AK$20)^3),$AK$19) -> 0 | ... BB31: =IF(T11<=$K$25,$AK$19*(1.5*(T11/$AK$20)-0.5*(T11/$AK$20)^3),$AK$19) -> 0.39799711 | BD31: 8 | BE31: =IF(U11<=$K$25,$AK$19*(1.5*(K11/$AK$20)-0.5*(K11/$AK$20)^3),$AK$19) -> 0.36984617 | BH31: 8 | BI31: 0.0468 | BJ31: =BI31*G12 -> 0.1638 | BK31: =BI31*(G12-$N$15) -> 0.01404
A32: 28 | B32: 44307 | C32: 0.83523148 | D32: -7.63 | E32: 106.68 | F32: 25 | G32: 3.9 | V32: offset 5 | W32: 2.7 | X32: 3.1 | Y32: 0.44777226 | Z32: =(W32-X32)^2 -> 0.16 | AA32: =Z32/8 -> 0.02 | AI32: sill ( C ) | AJ32: =AJ29 -> 0.94610597 | AK32: =AK29 -> 0.94610597 | AL32: =AL29 -> 0.59805304 | AM32: =AM29 -> 0.59805304 | AR32: 9 | AS32: =IF(K12<=$K$25,$AK$19*(1.5*(K12/$AK$20)-0.5*(K12/$AK$20)^3),$AK$19) -> 0.1286672 | AT32: =IF(L12<=$K$25,$AK$19*(1.5*(L12/$AK$20)-0.5*(L12/$AK$20)^3),$AK$19) -> 0.40337472 | AU32: =IF(M12<=$K$25,$AK$19*(1.5*(M12/$AK$20)-0.5*(M12/$AK$20)^3),$AK$19) -> 0.419125 | AV32: =IF(N12<=$K$25,$AK$19*(1.5*(N12/$AK$20)-0.5*(N12/$AK$20)^3),$AK$19) -> 0.419125 | AW32: =IF(O12<=$K$25,$AK$19*(1.5*(O12/$AK$20)-0.5*(O12/$AK$20)^3),$AK$19) -> 0.38230926 | AX32: =IF(P12<=$K$25,$AK$19*(1.5*(P12/$AK$20)-0.5*(P12/$AK$20)^3),$AK$19) -> 0.419125 | AY32: =IF(Q12<=$K$25,$AK$19*(1.5*(Q12/$AK$20)-0.5*(Q12/$AK$20)^3),$AK$19) -> 0.082259679 | AZ32: =IF(R12<=$K$25,$AK$19*(1.5*(R12/$AK$20)-0.5*(R12/$AK$20)^3),$AK$19) -> 0.40825433 | ... BB32: =IF(T12<=$K$25,$AK$19*(1.5*(T12/$AK$20)-0.5*(T12/$AK$20)^3),$AK$19) -> 0.17652976 | BD32: 9 | BE32: =IF(U12<=$K$25,$AK$19*(1.5*(K12/$AK$20)-0.5*(K12/$AK$20)^3),$AK$19) -> 0.1286672 | BH32: 9 | BI32: -0.0389 | BJ32: =BI32*G13 -> -0.17505 | BK32: =BI32*(G13-$N$15) -> -0.05057
A33: 29 | B33: 44308 | C33: 0.10053241 | D33: -7.09 | E33: 106.78 | F33: 129 | G33: 3.2 | J33: Video Referensi | W33: 2.2 | X33: 2.8 | Y33: 0.45099889 | Z33: =(W33-X33)^2 -> 0.36 | AA33: =Z33/8 -> 0.045 | AI33: range (a) | AJ33: 1 | AK33: 1 | AL33: 1 | AM33: 1 | AR33: 10 | AS33: =IF(K13<=$K$25,$AK$19*(1.5*(K13/$AK$20)-0.5*(K13/$AK$20)^3),$AK$19) -> 0.10384163 | AT33: =IF(L13<=$K$25,$AK$19*(1.5*(L13/$AK$20)-0.5*(L13/$AK$20)^3),$AK$19) -> 0.40356519 | AU33: =IF(M13<=$K$25,$AK$19*(1.5*(M13/$AK$20)-0.5*(M13/$AK$20)^3),$AK$19) -> 0.419125 | AV33: =IF(N13<=$K$25,$AK$19*(1.5*(N13/$AK$20)-0.5*(N13/$AK$20)^3),$AK$19) -> 0.419125 | AW33: =IF(O13<=$K$25,$AK$19*(1.5*(O13/$AK$20)-0.5*(O13/$AK$20)^3),$AK$19) -> 0.41689696 | AX33: =IF(P13<=$K$25,$AK$19*(1.5*(P13/$AK$20)-0.5*(P13/$AK$20)^3),$AK$19) -> 0.419125 | AY33: =IF(Q13<=$K$25,$AK$19*(1.5*(Q13/$AK$20)-0.5*(Q13/$AK$20)^3),$AK$19) -> 0.24050352 | AZ33: =IF(R13<=$K$25,$AK$19*(1.5*(R13/$AK$20)-0.5*(R13/$AK$20)^3),$AK$19) -> 0.39799711 | ... BB33: =IF(T13<=$K$25,$AK$19*(1.5*(T13/$AK$20)-0.5*(T13/$AK$20)^3),$AK$19) -> 0 | BD33: 10 | BE33: =IF(U13<=$K$25,$AK$19*(1.5*(K13/$AK$20)-0.5*(K13/$AK$20)^3),$AK$19) -> 0.10384163 | BH33: 10 | BI33: -0.0356 | BJ33: =BI33*G14 -> -0.09968 | BK33: =BI33*(G14-$N$15) -> 0.01424
A34: 30 | B34: 44310 | C34: 0.76396991 | D34: -7.31 | E34: 108.62 | F34: 10 | G34: 2.2 | J34: Turtorial kriging di excel | W34: 3.2 | X34: 2.7 | Y34: 0.45276926 | Z34: =(W34-X34)^2 -> 0.25 | AA34: =Z34/8 -> 0.03125 | BH34: total | BI34: =SUM(BI24:BI33) -> 1.0482 | BJ34: =SUM(BJ24:BJ33) -> 3.19206 | BK34: =N15+SUM(BK24:BK33) -> 3.03782
A35: 31 | B35: 44310 | C35: 0.93601852 | D35: -7.27 | E35: 107.72 | F35: 10 | G35: 2.9 | J35: https://www.youtube.com/watch?v=zyM076k1FIY | W35: 3.2 | X35: 2.2 | Y35: 0.45276926 | Z35: =(W35-X35)^2 -> 1 | AA35: =Z35/8 -> 0.125
A36: 32 | B36: 44313 | C36: 0.61944444 | D36: -6.8 | E36: 107.13 | F36: 10 | G36: 3.2 | V36: offset 6 | W36: 3.2 | X36: 2.8 | Y36: 0.58821765 | Z36: =(W36-X36)^2 -> 0.16 | AA36: =Z36/10 -> 0.016
A37: 33 | B37: 44313 | C37: 0.24145833 | D37: -6.95 | E37: 106.99 | F37: 10 | G37: 3 | J37: Derivations of Kriging Equations | W37: 3.6 | X37: 2.8 | Y37: 0.5920304 | Z37: =(W37-X37)^2 -> 0.64 | AA37: =Z37/10 -> 0.064
A38: 34 | B38: 44315 | C38: 0.73792824 | D38: -7.69 | E38: 106.95 | F38: 26 | G38: 2.4 | J38: https://www.youtube.com/watch?v=dfSMGJFRL1U | W38: 3.2 | X38: 4.5 | Y38: 0.64498682 | Z38: =(W38-X38)^2 -> 1.69 | AA38: =Z38/10 -> 0.169 | AR38: Matriks kovarians data sigma(Z(si),Z(sj))) | AU38: h sesuai data percobaan 2
A39: 35 | B39: 44315 | C39: 0.012696759 | D39: -7 | E39: 107.68 | F39: 142 | G39: 3 | W39: 3.2 | X39: 3.2 | Y39: 0.65513357 | Z39: =(W39-X39)^2 -> 0 | AA39: =Z39/10 -> 0
A40: 36 | B40: 44315 | C40: 0.37664352 | D40: -6.9 | E40: 106.39 | F40: 15 | G40: 2.9 | J40: Kriging- a Mathematical Overview | W40: 3.2 | X40: 3.6 | Y40: 0.65734314 | Z40: =(W40-X40)^2 -> 0.16 | AA40: =Z40/10 -> 0.016 | AR40: si,sj | AS40: 1 | AT40: 2 | AU40: 3 | AV40: 4 | AW40: 5 | AX40: 6 | AY40: 7 | AZ40: 8 | BA40: 9 | BB40: 10 | BD40: si,s0 | BE40: 11 | BH40: lambda(i) | BJ40: OK | BK40: SK
A41: 37 | B41: 44316 | C41: 0.58074074 | D41: -7.82 | E41: 107.02 | F41: 21 | G41: 3.3 | J41: https://www.youtube.com/watch?v=HDW-HLMxcnE | V41: offset 7 | W41: 3.2 | X41: 3.1 | Y41: 0.66370174 | Z41: =(W41-X41)^2 -> 0.01 | AA41: =Z41/20 -> 0.0005 | AR41: 1 | AS41: =$AJ$32*(1-EXP(-(K4/$AJ$33))) -> 0 | AT41: =$AJ$32*(1-EXP(-(L4/$AJ$33))) -> 0.34451045 | AU41: =$AJ$32*(1-EXP(-(M4/$AJ$33))) -> 0.48926123 | AV41: =$AJ$32*(1-EXP(-(N4/$AJ$33))) -> 0.45472438 | AW41: =$AJ$32*(1-EXP(-(O4/$AJ$33))) -> 0.34451045 | AX41: =$AJ$32*(1-EXP(-(P4/$AJ$33))) -> 0.45580892 | AY41: =$AJ$32*(1-EXP(-(Q4/$AJ$33))) -> 0.12031649 | AZ41: =$AJ$32*(1-EXP(-(R4/$AJ$33))) -> 0.27160299 | ... BB41: =$AJ$32*(1-EXP(-(T4/$AJ$33))) -> 0.072740084 | BD41: 1 | BE41: =$AJ$32*(1-EXP(-(U4/$AJ$33))) -> 0.15888671 | BH41: 1 | BI41: 0.093 | BJ41: =BI41*G5 -> 0.2976 | BK41: =BI41*(G5-$N$15) -> 0
A42: 38 | B42: 44316 | C42: 0.72763889 | D42: -7.56 | E42: 106.44 | F42: 33 | G42: 3.3 | W42: 3.2 | X42: 2.8 | Y42: 0.70342022 | Z42: =(W42-X42)^2 -> 0.16 | AA42: =Z42/20 -> 0.008 | AR42: 2 | AS42: =$AJ$32*(1-EXP(-(K5/$AJ$33))) -> 0.34451045 | AT42: =$AJ$32*(1-EXP(-(L5/$AJ$33))) -> 0 | AU42: =$AJ$32*(1-EXP(-(M5/$AJ$33))) -> 0.28176124 | AV42: =$AJ$32*(1-EXP(-(N5/$AJ$33))) -> 0.48333503 | AW42: =$AJ$32*(1-EXP(-(O5/$AJ$33))) -> 0.23558521 | AX42: =$AJ$32*(1-EXP(-(P5/$AJ$33))) -> 0.49041867 | AY42: =$AJ$32*(1-EXP(-(Q5/$AJ$33))) -> 0.34149676 | AZ42: =$AJ$32*(1-EXP(-(R5/$AJ$33))) -> 0.51617639 | ... BB42: =$AJ$32*(1-EXP(-(T5/$AJ$33))) -> 0.31333352 | BD42: 2 | BE42: =$AJ$32*(1-EXP(-(U5/$AJ$33))) -> 0.3626128 | BH42: 2 | BI42: -0.1884 | BJ42: =BI42*G6 -> -0.50868 | BK42: =BI42*(G6-$N$15) -> 0.0942
A43: 39 | B43: 44316 | C43: 0.1565162 | D43: -7.14 | E43: 108.85 | F43: 10 | G43: 3.2 | W43: 2.7 | X43: 3.2 | Y43: 0.71512237 | Z43: =(W43-X43)^2 -> 0.25 | AA43: =Z43/20 -> 0.0125 | AR43: 3 | AS43: =$AJ$32*(1-EXP(-(K6/$AJ$33))) -> 0.48926123 | AT43: =$AJ$32*(1-EXP(-(L6/$AJ$33))) -> 0.28176124 | AU43: =$AJ$32*(1-EXP(-(M6/$AJ$33))) -> 0 | AV43: =$AJ$32*(1-EXP(-(N6/$AJ$33))) -> 0.61937018 | AW43: =$AJ$32*(1-EXP(-(O6/$AJ$33))) -> 0.25319165 | AX43: =$AJ$32*(1-EXP(-(P6/$AJ$33))) -> 0.62470846 | AY43: =$AJ$32*(1-EXP(-(Q6/$AJ$33))) -> 0.45891663 | AZ43: =$AJ$32*(1-EXP(-(R6/$AJ$33))) -> 0.61839935 | ... BB43: =$AJ$32*(1-EXP(-(T6/$AJ$33))) -> 0.4778878 | BD43: 3 | BE43: =$AJ$32*(1-EXP(-(U6/$AJ$33))) -> 0.46402395 | BH43: 3 | BI43: -0.0763 | BJ43: =BI43*G7 -> -0.24416 | BK43: =BI43*(G7-$N$15) -> 0
A44: 40 | B44: 44317 | C44: 0.33814815 | D44: -7.82 | E44: 107.04 | F44: 12 | G44: 2.9 | W44: 3.2 | X44: 4.5 | Y44: 0.72520894 | Z44: =(W44-X44)^2 -> 1.69 | AA44: =Z44/20 -> 0.0845 | AR44: 4 | AS44: =$AJ$32*(1-EXP(-(K7/$AJ$33))) -> 0.45472438 | AT44: =$AJ$32*(1-EXP(-(L7/$AJ$33))) -> 0.48333503 | AU44: =$AJ$32*(1-EXP(-(M7/$AJ$33))) -> 0.61937018 | AV44: =$AJ$32*(1-EXP(-(N7/$AJ$33))) -> 0 | AW44: =$AJ$32*(1-EXP(-(O7/$AJ$33))) -> 0.57664856 | AX44: =$AJ$32*(1-EXP(-(P7/$AJ$33))) -> 0.020920799 | AY44: =$AJ$32*(1-EXP(-(Q7/$AJ$33))) -> 0.51343118 | AZ44: =$AJ$32*(1-EXP(-(R7/$AJ$33))) -> 0.50026674 | ... BB44: =$AJ$32*(1-EXP(-(T7/$AJ$33))) -> 0.42071803 | BD44: 4 | BE44: =$AJ$32*(1-EXP(-(U7/$AJ$33))) -> 0.53555942 | BH44: 4 | BI44: -0.0369 | BJ44: =BI44*G8 -> -0.11808 | BK44: =BI44*(G8-$N$15) -> 0
A45: 41 | B45: 44319 | C45: 0.77722222 | D45: -7.33 | E45: 107.56 | F45: 10 | G45: 1.9 | W45: 3.2 | X45: 3.2 | Y45: 0.72801099 | Z45: =(W45-X45)^2 -> 0 | AA45: =Z45/20 -> 0 | AR45: 5 | AS45: =$AJ$32*(1-EXP(-(K8/$AJ$33))) -> 0.34451045 | AT45: =$AJ$32*(1-EXP(-(L8/$AJ$33))) -> 0.23558521 | AU45: =$AJ$32*(1-EXP(-(M8/$AJ$33))) -> 0.25319165 | AV45: =$AJ$32*(1-EXP(-(N8/$AJ$33))) -> 0.57664856 | AW45: =$AJ$32*(1-EXP(-(O8/$AJ$33))) -> 0 | AX45: =$AJ$32*(1-EXP(-(P8/$AJ$33))) -> 0.58089992 | AY45: =$AJ$32*(1-EXP(-(Q8/$AJ$33))) -> 0.28866888 | AZ45: =$AJ$32*(1-EXP(-(R8/$AJ$33))) -> 0.50736263 | ... BB45: =$AJ$32*(1-EXP(-(T8/$AJ$33))) -> 0.34344446 | BD45: 5 | BE45: =$AJ$32*(1-EXP(-(U8/$AJ$33))) -> 0.29073373 | BH45: 5 | BI45: 0.0269 | BJ45: =BI45*G9 -> 0.05918 | BK45: =BI45*(G9-$N$15) -> -0.0269
A46: 42 | B46: 44321 | C46: 0.42673611 | D46: -7.65 | E46: 107.57 | F46: 19 | G46: 3 | W46: 3.6 | X46: 4.5 | Y46: 0.72964923 | Z46: =(W46-X46)^2 -> 0.81 | AA46: =Z46/20 -> 0.0405 | AR46: 6 | AS46: =$AJ$32*(1-EXP(-(K9/$AJ$33))) -> 0.45580892 | AT46: =$AJ$32*(1-EXP(-(L9/$AJ$33))) -> 0.49041867 | AU46: =$AJ$32*(1-EXP(-(M9/$AJ$33))) -> 0.62470846 | AV46: =$AJ$32*(1-EXP(-(N9/$AJ$33))) -> 0.020920799 | AW46: =$AJ$32*(1-EXP(-(O9/$AJ$33))) -> 0.58089992 | AX46: =$AJ$32*(1-EXP(-(P9/$AJ$33))) -> 0 | AY46: =$AJ$32*(1-EXP(-(Q9/$AJ$33))) -> 0.51500082 | AZ46: =$AJ$32*(1-EXP(-(R9/$AJ$33))) -> 0.49664779 | ... BB46: =$AJ$32*(1-EXP(-(T9/$AJ$33))) -> 0.42271739 | BD46: 6 | BE46: =$AJ$32*(1-EXP(-(U9/$AJ$33))) -> 0.53690686 | BH46: 6 | BI46: -0.0369 | BJ46: =BI46*G10 -> -0.13284 | BK46: =BI46*(G10-$N$15) -> -0.01476
A47: 43 | B47: 44322 | C47: 0.67498843 | D47: -7.03 | E47: 107.23 | F47: 10 | G47: 3.3 | W47: 2.7 | X47: 3.6 | Y47: 0.73054774 | Z47: =(W47-X47)^2 -> 0.81 | AA47: =Z47/20 -> 0.0405 | AR47: 7 | AS47: =$AJ$32*(1-EXP(-(K10/$AJ$33))) -> 0.12031649 | AT47: =$AJ$32*(1-EXP(-(L10/$AJ$33))) -> 0.34149676 | AU47: =$AJ$32*(1-EXP(-(M10/$AJ$33))) -> 0.45891663 | AV47: =$AJ$32*(1-EXP(-(N10/$AJ$33))) -> 0.51343118 | AW47: =$AJ$32*(1-EXP(-(O10/$AJ$33))) -> 0.28866888 | AX47: =$AJ$32*(1-EXP(-(P10/$AJ$33))) -> 0.51500082 | AY47: =$AJ$32*(1-EXP(-(Q10/$AJ$33))) -> 0 | AZ47: =$AJ$32*(1-EXP(-(R10/$AJ$33))) -> 0.31521151 | ... BB47: =$AJ$32*(1-EXP(-(T10/$AJ$33))) -> 0.16696678 | BD47: 7 | BE47: =$AJ$32*(1-EXP(-(U10/$AJ$33))) -> 0.04960181 | BH47: 7 | BI47: -0.3174 | BJ47: =BI47*G11 -> -0.98394 | BK47: =BI47*(G11-$N$15) -> 0.03174
A48: 44 | B48: 44324 | C48: 0.0069560185 | D48: -7.75 | E48: 106.94 | F48: 25 | G48: 3 | W48: 3.6 | X48: 3.5 | Y48: 0.74431176 | Z48: =(W48-X48)^2 -> 0.01 | AA48: =Z48/20 -> 0.0005 | AR48: 8 | AS48: =$AJ$32*(1-EXP(-(K11/$AJ$33))) -> 0.27160299 | AT48: =$AJ$32*(1-EXP(-(L11/$AJ$33))) -> 0.51617639 | AU48: =$AJ$32*(1-EXP(-(M11/$AJ$33))) -> 0.61839935 | AV48: =$AJ$32*(1-EXP(-(N11/$AJ$33))) -> 0.50026674 | AW48: =$AJ$32*(1-EXP(-(O11/$AJ$33))) -> 0.50736263 | AX48: =$AJ$32*(1-EXP(-(P11/$AJ$33))) -> 0.49664779 | AY48: =$AJ$32*(1-EXP(-(Q11/$AJ$33))) -> 0.31521151 | AZ48: =$AJ$32*(1-EXP(-(R11/$AJ$33))) -> 0 | ... BB48: =$AJ$32*(1-EXP(-(T11/$AJ$33))) -> 0.30488022 | BD48: 8 | BE48: =$AJ$32*(1-EXP(-(U11/$AJ$33))) -> 0.32095849 | BH48: 8 | BI48: -0.0143 | BJ48: =BI48*G12 -> -0.05005 | BK48: =BI48*(G12-$N$15) -> -0.00429
A49: 45 | B49: 44325 | C49: 0.14158565 | D49: -7.24 | E49: 107.71 | F49: 11 | G49: 2.5 | W49: 3.2 | X49: 3.5 | Y49: 0.75239617 | Z49: =(W49-X49)^2 -> 0.09 | AA49: =Z49/20 -> 0.0045 | AR49: 9 | AS49: =$AJ$32*(1-EXP(-(K12/$AJ$33))) -> 0.089725089 | AT49: =$AJ$32*(1-EXP(-(L12/$AJ$33))) -> 0.31302493 | AU49: =$AJ$32*(1-EXP(-(M12/$AJ$33))) -> 0.44971307 | AV49: =$AJ$32*(1-EXP(-(N12/$AJ$33))) -> 0.48797933 | AW49: =$AJ$32*(1-EXP(-(O12/$AJ$33))) -> 0.28504468 | AX49: =$AJ$32*(1-EXP(-(P12/$AJ$33))) -> 0.49000904 | AY49: =$AJ$32*(1-EXP(-(Q12/$AJ$33))) -> 0.05789973 | AZ49: =$AJ$32*(1-EXP(-(R12/$AJ$33))) -> 0.32153691 | ... BB49: =$AJ$32*(1-EXP(-(T12/$AJ$33))) -> 0.12244282 | BD49: 9 | BE49: =$AJ$32*(1-EXP(-(U12/$AJ$33))) -> 0.10402782 | BH49: 9 | BI49: 0.0745 | BJ49: =BI49*G13 -> 0.33525 | BK49: =BI49*(G13-$N$15) -> 0.09685
A50: 46 | B50: 44326 | C50: 0.50537037 | D50: -7.74 | E50: 108.64 | F50: 84 | G50: 2.9 | W50: 2.2 | X50: 3.5 | Y50: 0.76843998 | Z50: =(W50-X50)^2 -> 1.69 | AA50: =Z50/20 -> 0.0845 | AR50: 10 | AS50: =$AJ$32*(1-EXP(-(K13/$AJ$33))) -> 0.072740084 | AT50: =$AJ$32*(1-EXP(-(L13/$AJ$33))) -> 0.31333352 | AU50: =$AJ$32*(1-EXP(-(M13/$AJ$33))) -> 0.4778878 | AV50: =$AJ$32*(1-EXP(-(N13/$AJ$33))) -> 0.42071803 | AW50: =$AJ$32*(1-EXP(-(O13/$AJ$33))) -> 0.34344446 | AX50: =$AJ$32*(1-EXP(-(P13/$AJ$33))) -> 0.42271739 | AY50: =$AJ$32*(1-EXP(-(Q13/$AJ$33))) -> 0.16696678 | AZ50: =$AJ$32*(1-EXP(-(R13/$AJ$33))) -> 0.30488022 | ... BB50: =$AJ$32*(1-EXP(-(T13/$AJ$33))) -> 0 | BD50: 10 | BE50: =$AJ$32*(1-EXP(-(U13/$AJ$33))) -> 0.20705063 | BH50: 10 | BI50: 1.3741 | BJ50: =BI50*G14 -> 3.84748 | BK50: =BI50*(G14-$N$15) -> -0.54964
A51: 47 | B51: 44327 | C51: 0.28400463 | D51: -7.64 | E51: 106.53 | F51: 16 | G51: 3.2 | V51: offset 8 | W51: 3.2 | X51: 3.1 | Y51: 0.7823682 | Z51: =(W51-X51)^2 -> 0.01 | AA51: =Z51/6 -> 0.0016666667 | BH51: total | BI51: =SUM(BI41:BI50) -> 0.8983 | BJ51: =SUM(BJ41:BJ50) -> 2.50176 | BK51: =N15+SUM(BK41:BK50) -> 2.8272
A52: 48 | B52: 44335 | C52: 0.51403935 | D52: -7.85 | E52: 107.26 | F52: 26 | G52: 3.3 | W52: 3.6 | X52: 3.1 | Y52: 0.78600254 | Z52: =(W52-X52)^2 -> 0.25 | AA52: =Z52/6 -> 0.041666667
A53: 49 | B53: 44339 | C53: 0.52039352 | D53: -7.23 | E53: 107.74 | F53: 10 | G53: 3.2 | W53: 2.7 | X53: 3.5 | Y53: 0.78873316 | Z53: =(W53-X53)^2 -> 0.64 | AA53: =Z53/6 -> 0.10666667
A54: 50 | B54: 44340 | C54: 0.86993056 | D54: -7.18 | E54: 106.68 | F54: 66 | G54: 3.1 | V54: offset 9 | W54: 3.2 | X54: 2.2 | Y54: 0.94031909 | Z54: =(W54-X54)^2 -> 1 | AA54: =Z54/4 -> 0.25
A55: 51 | B55: 44340 | C55: 0.41275463 | D55: -7.88 | E55: 107.51 | F55: 31 | G55: 3.6 | W55: 2.2 | X55: 3.6 | Y55: 0.95189285 | Z55: =(W55-X55)^2 -> 1.96 | AA55: =Z55/4 -> 0.49 | AR55: Matriks kovarians data sigma(Z(si),Z(sj))) | AU55: Sesuai rumus
A56: 52 | B56: 44340 | C56: 0.99877315 | D56: -7.73 | E56: 107.51 | F56: 10 | G56: 3.1 | V56: offset 10 | W56: 3.2 | X56: 3.5 | Y56: 1.0602358 | Z56: =(W56-X56)^2 -> 0.09 | AA56: =Z56/6 -> 0.015
A57: 53 | B57: 44340 | C57: 0.7612037 | D57: -6.95 | E57: 107.89 | F57: 10 | G57: 2.1 | W57: 3.2 | X57: 3.2 | Y57: 1.0632027 | Z57: =(W57-X57)^2 -> 0 | AA57: =Z57/6 -> 0 | AR57: si,sj | AS57: 1 | AT57: 2 | AU57: 3 | AV57: 4 | AW57: 5 | AX57: 6 | AY57: 7 | AZ57: 8 | BA57: 9 | BB57: 10 | BD57: si,s0 | BE57: 11 | BH57: lambda(i) | BJ57: OK | BK57: SK
A58: 54 | B58: 44343 | C58: 0.13581019 | D58: -7.31 | E58: 106.67 | F58: 97 | G58: 3.6 | W58: 3.2 | X58: 3.6 | Y58: 1.0796759 | Z58: =(W58-X58)^2 -> 0.16 | AA58: =Z58/6 -> 0.026666667 | AR58: 1 | BD58: 1 | BH58: 1
A59: 55 | B59: 44343 | C59: 0.9925 | D59: -7.84 | E59: 107.29 | F59: 25 | G59: 4.1 | AR59: 2 | BD59: 2 | BH59: 2
A60: 56 | B60: 44344 | C60: 0.71865741 | D60: -7.23 | E60: 108.67 | F60: 10 | G60: 3.7 | AR60: 3 | BD60: 3 | BH60: 3
A61: 57 | B61: 44345 | C61: 0.20769676 | D61: -6.94 | E61: 107.02 | F61: 10 | G61: 2.5 | AR61: 4 | BD61: 4 | BH61: 4
A62: 58 | B62: 44350 | C62: 0.96505787 | D62: -6.91 | E62: 106.96 | F62: 10 | G62: 3.1 | AR62: 5 | BD62: 5 | BH62: 5
A63: 59 | B63: 44351 | C63: 0.17413194 | D63: -7.71 | E63: 106.93 | F63: 10 | G63: 3.6 | AR63: 6 | BD63: 6 | BH63: 6
A64: 60 | B64: 44352 | C64: 0.19931713 | D64: -7.22 | E64: 108.78 | F64: 10 | G64: 5.5 | AR64: 7 | BD64: 7 | BH64: 7
A65: 61 | B65: 44352 | C65: 0.13472222 | D65: -6.75 | E65: 106.6 | F65: 16 | G65: 2.7 | AR65: 8 | BD65: 8 | BH65: 8
A66: 62 | B66: 44353 | C66: 0.54671296 | D66: -7.84 | E66: 107.26 | F66: 27 | G66: 4.1 | AR66: 9 | BD66: 9 | BH66: 9
A67: 63 | B67: 44354 | C67: 0.54998843 | D67: -7.87 | E67: 107.26 | F67: 25 | G67: 4.1 | AR67: 10 | BD67: 10 | BH67: 10
A68: 64 | B68: 44354 | C68: 0.43775463 | D68: -7.85 | E68: 107.28 | F68: 23 | G68: 4.1 | BH68: total
A69: 65 | B69: 44355 | C69: 0.57315972 | D69: -7.85 | E69: 106.79 | F69: 10 | G69: 3.2
A70: 66 | B70: 44355 | C70: 0.83865741 | D70: -7.46 | E70: 106.8 | F70: 108 | G70: 4.2
A71: 67 | B71: 44359 | C71: 0.62555556 | D71: -7.11 | E71: 107.49 | F71: 19 | G71: 2.9
A72: 68 | B72: 44364 | C72: 0.26428241 | D72: -7.8 | E72: 106.5 | F72: 10 | G72: 3.6
A73: 69 | B73: 44365 | C73: 0.69666667 | D73: -7.26 | E73: 107.6 | F73: 10 | G73: 2
A74: 70 | B74: 44366 | C74: 0.56094907 | D74: -7.81 | E74: 107.3 | F74: 28 | G74: 3.1
A75: 71 | B75: 44367 | C75: 0.46663194 | D75: -7.71 | E75: 106.62 | F75: 19 | G75: 2.9
A76: 72 | B76: 44373 | C76: 0.56983796 | D76: -7.57 | E76: 106.49 | F76: 81 | G76: 2.8
A77: 73 | B77: 44374 | C77: 0.67315972 | D77: -7.7 | E77: 106.59 | F77: 20 | G77: 3.6
A78: 74 | B78: 44379 | C78: 0.98532407 | D78: -7.52 | E78: 106.76 | F78: 44 | G78: 4.8
A79: 75 | B79: 44380 | C79: 0.50857639 | D79: -7.84 | E79: 107.04 | F79: 16 | G79: 2.7
A80: 76 | B80: 44384 | C80: 0.7565625 | D80: -7.28 | E80: 107.52 | F80: 32 | G80: 2.2
... A143: 139 | B143: 44529 | C143: 0.71789352 | D143: -7.74 | E143: 107.27 | F143: 32 | G143: 2.5
